,0,1,2,3,4,5,6,7,8,9,10,11,12,13,14,15,16,17,18,19,20,21,22
0,1,Maxi Kleber,DAL,28,74,42,32,25.5,112.6,109.2,3.4,6.5,1.52,12.6,5.4,13.6,9.5,8.3,57.7,60.5,13.4,101.50,8.2
1,2,Delon Wright,DAL,28,73,42,31,21.5,111.2,109.5,1.7,21.5,3.34,31.6,4.0,12.4,8.2,9.4,51.9,55.4,14.0,101.55,10.6
2,2,Dillon Brooks,MEM,24,73,34,39,28.9,108.5,108.9,-0.3,10.4,1.21,10.6,3.0,7.6,5.4,8.7,47.6,51.0,24.7,103.55,6.2
3,2,Duncan Robinson,MIA,26,73,44,29,29.7,113.8,106.2,7.5,6.8,1.46,11.6,0.5,9.9,5.4,7.9,66.7,68.4,15.7,99.23,8.2
4,2,Justin Holiday,IND,31,73,45,28,25.0,107.7,106.4,1.3,6.8,2.11,14.3,1.7,10.4,6.2,6.7,56.6,58.5,13.0,102.37,7.6
5,2,Mikal Bridges,PHX,23,73,34,39,28.0,111.0,108.1,2.9,8.6,1.77,17.4,3.2,10.7,7.0,9.9,58.3,62.0,12.5,103.12,8.2
6,2,Monte Morris,DEN,25,73,46,27,22.4,110.2,109.3,0.8,21.9,4.81,28.1,1.4,6.7,4.0,5.8,51.7,54.5,16.8,100.03,9.9
7,2,Nikola Jokic,DEN,25,73,46,27,32.0,113.4,108.9,4.5,35.0,2.27,26.4,7.3,23.7,15.5,11.6,56.5,60.5,26.6,96.90,17.9
8,9,Bam Adebayo,MIA,22,72,44,28,33.6,112.6,107.7,5.0,23.8,1.80,24.0,7.7,22.4,15.3,13.3,55.8,59.8,21.2,98.36,14.7
9,9,Buddy Hield,SAC,27,72,31,41,30.8,108.9,111.9,-3.1,15.3,1.27,13.4,2.5,12.4,7.4,10.6,54.5,56.6,26.3,100.92,10.4
10,9,Cory Joseph,SAC,28,72,31,41,24.4,107.3,107.6,-0.3,19.9,3.14,32.5,2.4,8.2,5.3,10.3,48.3,51.7,12.7,99.76,7.0
11,9,Furkan Korkmaz,PHI,22,72,42,30,21.7,109.3,106.6,2.7,7.3,1.34,10.6,1.1,9.3,5.2,7.9,55.7,57.9,17.7,102.27,7.8
12,9,Harrison Barnes,SAC,28,72,31,41,34.5,108.9,111.4,-2.5,9.2,1.81,13.7,3.0,11.1,7.0,7.6,52.5,57.4,17.2,100.86,9.0
13,9,Ivica Zubac,LAC,23,72,49,23,18.4,113.0,104.1,8.9,9.1,1.34,13.6,14.0,24.0,19.1,10.1,61.3,65.1,16.3,101.14,14.3
14,9,Joe Ingles,UTA,32,72,44,28,29.7,110.8,105.6,5.1,24.4,2.63,33.6,1.3,11.2,6.4,12.8,57.2,59.5,14.8,100.34,9.6
15,9,Markelle Fultz,ORL,22,72,33,39,27.7,108.8,110.5,-1.7,27.3,2.51,27.2,2.0,10.0,5.8,10.8,48.8,51.7,21.0,100.44,9.5
16,9,Nemanja Bjelica,SAC,32,72,31,41,27.9,110.0,111.1,-1.0,14.1,2.05,20.5,5.4,17.7,11.5,10.0,58.3,60.2,16.7,99.44,10.3
17,9,P.J. Tucker,HOU,35,72,44,28,34.3,111.9,108.9,3.0,6.1,1.60,18.1,4.2,13.7,8.9,11.3,54.1,55.9,8.7,103.47,5.7
18,9,Terence Davis,TOR,23,72,53,19,16.8,111.8,103.9,7.9,14.0,1.51,17.7,3.9,13.7,9.0,11.7,56.4,58.8,18.1,102.12,10.1
19,9,Tobias Harris,PHI,27,72,43,29,34.3,110.3,107.2,3.1,14.5,2.18,14.3,2.7,17.2,9.9,6.5,52.7,55.6,23.6,99.23,12.6
20,21,Ben McLemore,HOU,27,71,44,27,22.8,114.2,109.2,5.0,5.0,1.16,8.5,1.2,7.9,4.5,7.3,61.0,62.2,15.7,105.17,6.6
21,21,Brad Wanamaker,BOS,30,71,48,23,19.3,110.3,105.2,5.0,18.1,2.36,26.3,1.6,8.2,5.0,11.2,49.9,57.7,15.2,101.46,8.6
22,21,Dorian Finney-Smith,DAL,27,71,40,31,29.9,116.1,109.5,6.5,7.3,1.65,15.1,6.6,11.3,9.0,9.2,57.5,59.5,12.8,100.14,7.2
23,21,Jerami Grant,DEN,26,71,45,26,26.6,110.3,112.3,-2.1,6.8,1.40,10.2,3.1,9.9,6.5,7.3,55.5,59.1,17.7,99.03,8.3
24,21,Jordan Clarkson,UTA,28,71,34,37,24.0,110.5,111.0,-0.5,13.0,1.40,11.7,2.8,7.8,5.3,8.4,54.2,57.4,25.4,99.87,10.5
25,21,Royce O'Neale,UTA,27,71,44,27,28.9,112.5,107.3,5.2,11.6,2.95,28.6,1.4,16.5,9.4,9.7,55.9,57.8,9.5,100.05,7.4
26,21,T.J. McConnell,IND,28,71,44,27,18.7,108.3,107.1,1.1,35.4,3.55,40.2,2.8,10.7,6.9,11.3,52.2,54.0,16.7,103.07,12.2
27,21,Tim Hardaway Jr.,DAL,28,71,41,30,29.5,116.0,110.1,5.9,9.6,1.99,11.8,1.1,9.0,5.1,5.9,55.0,58.1,20.4,101.86,8.9
28,29,Anfernee Simons,POR,21,70,32,38,20.7,105.9,113.4,-7.6,9.8,1.59,13.2,1.5,8.0,4.7,8.3,46.9,50.2,18.0,103.09,5.5
29,29,CJ McCollum,POR,28,70,34,36,36.5,114.1,113.6,0.5,18.5,2.44,16.6,1.7,9.0,5.4,6.8,52.2,54.1,25.7,101.47,10.3
30,29,Chris Paul,OKC,35,70,44,26,31.5,114.0,107.1,6.9,32.4,2.93,28.7,1.2,14.3,8.0,9.8,55.2,61.0,22.8,100.43,15.3
31,29,Devin Booker,PHX,23,70,34,36,35.9,114.9,112.2,2.7,28.8,1.73,20.5,1.2,10.6,5.9,11.9,54.4,61.8,29.4,102.36,13.8
32,29,Jarrett Allen,BKN,22,70,33,37,26.5,110.6,109.6,0.9,8.6,1.43,14.3,10.8,22.6,16.7,10.0,64.9,66.4,14.8,101.55,13.9
33,29,Jonas Valanciunas,MEM,28,70,32,38,26.4,107.5,107.3,0.3,10.9,1.03,12.1,11.0,27.9,19.7,11.7,60.6,63.1,21.1,103.42,16.3
34,29,Robert Covington,HOU,29,70,27,43,30.5,109.8,108.8,0.9,5.9,0.85,9.1,2.7,18.0,10.2,10.7,53.3,55.9,16.9,103.74,9.0
35,29,Shai Gilgeous-Alexander,OKC,21,70,43,27,34.7,112.7,109.2,3.5,14.8,1.73,15.1,2.0,14.6,8.5,8.7,51.4,56.8,23.5,99.60,12.3
36,37,Donovan Mitchell,UTA,23,69,43,26,34.3,111.2,108.6,2.6,21.4,1.60,15.0,2.3,10.1,6.4,9.4,51.3,55.8,30.3,100.47,12.5
37,37,Doug McDermott,IND,28,69,43,26,19.9,108.7,105.5,3.2,8.1,1.86,11.4,1.8,9.8,5.9,6.1,60.5,62.0,18.6,102.43,9.3
38,37,Dwight Howard,LAL,34,69,52,17,18.9,112.3,106.4,5.9,4.8,0.54,9.0,12.8,25.7,19.1,16.8,73.5,69.6,14.6,99.50,11.4
39,37,Grant Williams,BOS,21,69,47,22,15.1,109.9,103.5,6.3,8.5,1.36,19.3,5.3,10.6,7.9,14.2,46.9,50.5,11.2,102.84,3.8
40,37,James Ennis III,ORL,29,69,42,27,18.3,110.3,110.2,0.1,6.7,1.09,12.0,5.5,13.7,9.6,11.1,52.2,56.5,15.1,102.21,6.8
41,37,Joe Harris,BKN,28,69,33,36,30.8,110.8,109.9,0.9,10.0,1.38,13.5,2.8,10.2,6.5,9.7,59.6,60.6,17.9,102.23,8.8
42,37,Kentavious Caldwell-Pope,LAL,27,69,51,18,25.5,110.6,107.2,3.5,8.5,1.79,15.4,2.1,5.6,3.8,8.6,55.8,58.4,14.2,102.42,6.5
43,37,OG Anunoby,TOR,22,69,50,19,29.9,110.3,104.2,6.2,7.4,1.37,13.6,3.8,12.9,8.5,9.9,58.4,60.0,14.2,101.93,8.6
44,37,Semi Ojeleye,BOS,25,69,46,23,14.6,104.6,106.1,-1.5,5.1,1.95,14.0,2.4,10.9,6.6,7.2,53.1,56.2,9.4,100.36,5.7
45,37,Terrence Ross,ORL,29,69,31,38,27.4,105.5,108.0,-2.5,7.2,1.17,7.7,0.6,10.8,5.4,6.6,50.8,54.8,21.6,100.51,9.5
46,37,Troy Brown Jr.,WAS,20,69,24,45,25.8,108.2,113.7,-5.5,14.2,2.25,19.0,4.0,17.1,10.3,8.4,48.8,52.4,17.4,104.54,10.0
47,48,Austin Rivers,HOU,27,68,43,25,23.4,112.9,110.4,2.6,9.8,2.26,15.9,1.6,8.9,5.1,7.0,51.7,54.2,15.3,105.87,6.3
48,48,Brook Lopez,MIL,32,68,53,15,26.7,112.2,100.1,12.0,7.3,1.41,10.9,3.1,11.8,7.7,7.7,51.1,55.1,18.1,106.60,8.8
49,48,Danny Green,LAL,33,68,51,17,24.8,112.4,106.0,6.4,6.9,1.44,14.1,3.0,10.0,6.5,9.7,54.2,55.2,13.5,102.70,6.5
50,48,DeMar DeRozan,SAS,30,68,31,37,34.1,111.8,113.7,-1.8,26.1,2.32,21.3,1.9,13.9,8.0,9.2,53.5,60.3,26.2,100.87,14.0
51,48,Derrick White,SAS,25,68,32,36,24.7,110.1,109.2,1.0,20.3,2.71,24.8,2.0,10.5,6.4,9.2,53.0,59.3,18.3,103.36,10.2
52,48,Ish Smith,WAS,31,68,23,45,26.3,109.2,113.1,-3.9,26.6,3.52,28.9,1.5,10.3,5.7,8.2,49.2,50.9,18.6,104.48,10.0
53,48,JaVale McGee,LAL,32,68,51,17,16.6,111.5,105.7,5.8,4.4,0.67,8.6,11.1,21.8,16.6,12.8,64.2,65.2,14.5,101.90,11.3
54,48,James Harden,HOU,30,68,43,25,36.5,114.0,108.2,5.8,36.6,1.66,19.4,2.6,13.9,8.3,11.6,54.3,62.6,35.6,103.04,19.0
55,48,Kent Bazemore,SAC,30,68,32,36,24.8,107.5,106.6,0.8,7.7,1.02,11.9,1.5,14.4,8.1,11.6,45.3,49.9,17.1,102.83,6.4
56,48,Mike Scott,PHI,31,68,39,29,17.8,110.2,104.6,5.7,6.4,2.15,12.5,5.1,14.8,9.9,5.8,54.0,55.7,13.2,101.84,7.9
57,48,Rudy Gobert,UTA,28,68,42,26,34.3,112.8,106.6,6.2,6.5,0.78,10.4,10.4,27.6,19.5,13.4,69.3,69.9,16.2,99.37,15.1
58,59,Al Horford,PHI,34,67,39,28,30.2,110.1,106.8,3.3,18.7,3.38,24.7,5.1,17.1,11.1,7.3,52.0,53.6,17.3,100.63,11.2
59,59,Hassan Whiteside,POR,31,67,34,33,30.0,114.8,112.0,2.7,5.8,0.65,7.8,12.3,29.4,21.1,12.0,62.4,64.4,19.2,101.09,15.9
60,59,Ja Morant,MEM,20,67,33,34,31.0,107.5,108.1,-0.6,35.4,2.22,27.4,2.4,9.0,5.9,12.3,50.9,55.6,25.6,103.79,13.0
61,59,Kelly Olynyk,MIA,29,67,41,26,19.4,110.5,109.0,1.5,13.1,1.63,18.5,3.4,19.1,11.5,11.3,58.2,62.1,16.5,101.59,10.2
62,59,Kendrick Nunn,MIA,24,67,42,25,29.3,110.3,109.1,1.2,18.2,1.93,17.0,1.1,7.9,4.6,8.8,51.4,53.4,23.6,99.10,8.6
63,59,Kyle Anderson,MEM,26,67,32,35,19.8,102.9,105.8,-3.0,16.3,2.45,27.2,4.2,15.1,9.9,11.1,51.1,53.4,13.4,104.76,9.4
64,59,LeBron James,LAL,35,67,50,17,34.6,112.1,103.6,8.5,47.7,2.62,28.5,2.8,19.1,11.0,10.9,55.0,57.7,30.8,101.50,19.8
65,59,Pat Connaughton,MIL,27,67,53,14,18.6,107.3,103.8,3.5,11.5,2.06,22.5,4.4,15.1,10.0,10.9,54.7,56.5,11.8,107.17,9.0
66,59,Rudy Gay,SAS,33,67,30,37,21.8,108.3,108.1,0.2,11.6,1.30,13.3,4.0,19.4,11.7,10.3,50.8,55.3,21.1,104.18,11.2
67,59,T.J. Warren,IND,26,67,42,25,32.9,109.6,106.9,2.7,7.2,1.18,7.9,3.1,9.2,6.3,6.7,58.1,61.0,22.9,99.06,11.3
68,59,Wesley Matthews,MIL,33,67,52,15,24.4,110.5,98.3,12.2,7.0,2.14,15.8,1.3,7.3,4.5,7.4,52.4,54.7,12.3,107.09,5.3
69,70,Aaron Holiday,IND,23,66,42,24,24.5,109.1,106.9,2.2,18.8,2.56,24.6,1.3,7.7,4.6,9.6,49.1,52.1,18.2,100.31,7.8
70,70,Alec Burks,PHI,28,66,21,45,26.6,103.5,109.8,-6.3,17.9,2.08,16.3,2.5,13.1,7.7,7.8,49.3,56.1,23.0,101.88,11.9
71,70,Bobby Portis,NYK,25,66,21,45,21.1,102.3,110.2,-7.9,11.2,1.34,12.3,5.3,18.0,11.4,9.1,50.7,53.0,20.7,101.25,10.8
72,70,Damian Lillard,POR,29,66,33,33,37.5,115.7,114.3,1.4,33.5,2.73,23.2,1.3,9.2,5.3,8.5,56.3,62.7,29.4,102.12,16.8
73,70,Dario Saric,PHX,26,66,32,34,24.7,110.8,112.0,-1.2,10.5,1.40,15.3,6.0,18.6,12.3,10.9,55.4,59.2,17.4,102.60,9.9
74,70,Dejounte Murray,SAS,23,66,29,37,25.6,109.2,113.5,-4.2,23.2,2.17,25.0,4.0,18.4,11.2,11.6,49.4,52.4,20.7,101.68,11.1
75,70,Donte DiVincenzo,MIL,23,66,53,13,23.0,111.9,99.6,12.2,13.4,1.71,19.4,4.1,14.0,9.3,11.3,53.6,55.7,16.8,107.06,10.2
76,70,Evan Fournier,ORL,27,66,28,38,31.4,107.7,109.5,-1.8,16.0,1.67,15.5,0.8,7.4,4.0,9.3,56.0,59.5,23.7,99.95,9.7
77,70,Georges Niang,UTA,27,66,41,25,14.0,107.1,108.1,-1.1,6.9,1.47,10.8,1.5,11.7,6.6,7.4,57.8,58.9,16.3,102.12,8.0
78,70,Isaac Bonga,WAS,20,66,22,44,18.9,106.5,106.9,-0.4,8.1,1.31,18.9,5.2,12.1,8.5,14.4,55.8,60.8,10.6,103.84,6.2
79,70,Jakob Poeltl,SAS,24,66,30,36,17.7,114.5,108.9,5.7,12.6,2.15,24.7,10.8,19.4,15.2,11.5,62.4,61.2,12.5,103.94,10.7
80,70,Jayson Tatum,BOS,22,66,46,20,34.3,114.2,103.5,10.6,14.3,1.29,11.7,2.7,16.5,9.6,9.0,52.7,56.7,28.0,100.63,14.3
81,70,Langston Galloway,DET,28,66,20,46,25.8,107.7,112.1,-4.4,8.9,2.53,14.3,1.9,6.8,4.3,5.7,55.7,58.4,14.9,100.17,7.5
82,70,Patty Mills,SAS,31,66,28,38,22.5,113.1,109.0,4.1,11.2,2.19,14.5,1.4,5.4,3.5,6.6,56.0,59.2,19.3,104.29,8.2
83,70,Robin Lopez,MIL,32,66,51,15,14.5,103.7,103.1,0.6,6.8,0.71,10.5,5.4,9.2,7.4,14.7,55.0,55.4,16.1,106.53,6.0
84,85,Cedi Osman,CLE,25,65,19,46,29.4,106.3,115.2,-9.0,11.5,1.69,17.2,2.0,10.3,6.0,10.2,53.8,55.2,16.2,100.30,6.5
85,85,Coby White,CHI,20,65,22,43,25.8,104.4,108.8,-4.4,16.2,1.61,15.5,1.5,12.8,6.7,9.7,47.8,50.6,23.5,102.51,8.7
86,85,Collin Sexton,CLE,21,65,19,46,33.0,107.8,117.0,-9.2,14.6,1.22,12.4,2.8,6.9,4.8,10.2,51.7,56.0,26.4,100.37,9.5
87,85,Daniel Theis,BOS,28,65,42,23,24.1,111.0,104.0,7.0,10.4,2.06,17.4,8.6,17.2,12.9,8.5,60.3,63.1,14.4,100.04,10.8
88,85,Dennis Schroder,OKC,26,65,40,25,30.8,108.5,103.0,5.5,22.2,1.58,17.6,1.0,9.9,5.6,11.1,53.4,57.5,26.2,101.47,12.2
89,85,Jae Crowder,MIA,29,65,29,36,28.8,109.0,111.9,-2.9,11.7,2.33,19.1,2.6,16.9,9.8,8.2,52.1,55.3,15.2,103.18,8.9
90,85,Josh Hart,NOP,25,65,26,39,27.0,108.2,111.2,-3.1,8.4,1.44,14.1,3.2,19.5,11.3,9.8,53.7,56.3,15.0,104.90,9.1
91,85,Justin Jackson,DAL,25,65,39,26,16.1,112.4,111.9,0.5,6.7,3.71,12.1,2.4,11.9,7.1,3.3,46.6,49.6,15.0,101.69,6.1
92,85,Kevin Knox II,NYK,20,65,21,44,17.9,101.3,108.6,-7.3,7.6,1.36,11.0,2.1,12.8,7.2,8.1,44.0,47.0,17.2,102.29,5.6
93,85,Lou Williams,LAC,33,65,44,21,28.7,111.5,107.4,4.0,29.4,2.01,22.5,1.6,8.1,4.9,11.2,47.7,54.6,27.1,105.00,12.4
94,85,Matisse Thybulle,PHI,23,65,40,25,19.8,107.7,105.3,2.4,8.1,1.55,19.1,3.3,4.9,4.1,12.3,52.8,53.9,10.8,102.32,4.4
95,85,Miles Bridges,CHA,22,65,23,42,30.7,104.4,114.0,-9.7,9.2,1.20,11.2,4.2,13.8,8.8,9.3,48.9,52.0,19.6,97.15,8.2
96,85,Ricky Rubio,PHX,29,65,32,33,31.0,112.4,108.4,4.0,37.7,3.29,37.1,2.3,12.8,7.5,11.3,47.1,53.5,19.9,103.53,12.0
97,85,Tomas Satoransky,CHI,28,65,22,43,28.9,107.3,108.8,-1.5,26.9,2.72,32.6,4.0,10.1,6.9,12.0,48.8,53.3,16.5,100.82,9.4
98,85,Tyus Jones,MEM,24,65,32,33,19.0,106.9,109.2,-2.3,31.4,5.18,35.9,0.7,7.1,3.8,6.9,51.4,53.2,16.5,106.40,10.8
99,100,Alex Caruso,LAL,26,64,48,16,18.4,110.8,101.0,9.8,13.8,2.34,24.3,1.4,8.5,5.1,10.4,48.1,52.5,13.6,102.84,7.2
100,100,Jaxson Hayes,NOP,20,64,28,36,16.9,107.9,109.7,-1.8,7.4,1.06,12.4,8.5,14.0,11.3,11.8,67.4,68.9,14.6,107.38,9.6
101,100,Julius Randle,NYK,25,64,21,43,32.5,105.7,111.6,-5.9,15.8,1.03,12.8,6.7,22.3,14.2,12.4,49.2,53.8,27.1,99.72,13.1
102,100,Seth Curry,DAL,29,64,38,26,24.6,114.0,110.6,3.4,11.7,2.00,15.6,1.6,7.0,4.3,7.8,62.1,64.3,17.6,101.17,9.3
103,100,Spencer Dinwiddie,BKN,27,64,30,34,31.2,110.5,109.4,1.1,34.4,2.48,23.8,1.5,8.5,5.1,9.6,47.6,54.1,28.7,101.70,12.1
104,100,Taurean Prince,BKN,26,64,30,34,29.0,109.6,108.4,1.3,9.0,0.91,11.4,2.4,16.2,9.3,12.5,47.5,49.7,20.0,102.06,7.4
105,100,Thaddeus Young,CHI,32,64,22,42,24.9,101.9,108.1,-6.2,11.3,1.15,13.7,5.4,14.5,9.7,12.0,51.3,52.1,19.2,102.37,8.9
106,107,Bojan Bogdanovic,UTA,31,63,41,22,33.1,113.5,108.0,5.5,9.9,0.82,9.8,2.0,10.0,6.2,11.9,54.8,60.3,25.2,99.45,10.5
107,107,Bryn Forbes,SAS,26,63,27,36,25.1,108.0,114.8,-6.8,9.7,1.89,13.9,0.7,7.1,3.9,7.3,54.4,57.0,18.5,100.41,6.4
108,107,Danuel House Jr.,HOU,27,63,40,23,30.4,112.0,108.7,3.3,6.1,1.57,11.9,2.7,10.1,6.4,7.6,54.6,57.2,13.5,104.70,7.0
109,107,De'Andre Hunter,ATL,22,63,19,44,32.0,108.0,113.6,-5.5,7.9,1.09,11.7,2.1,11.6,6.8,10.7,48.9,52.1,17.3,103.96,5.8
110,107,Devonte' Graham,CHA,25,63,23,40,35.1,107.4,111.8,-4.5,34.5,2.60,27.5,1.8,7.8,4.7,10.6,49.5,53.7,24.3,97.32,10.9
111,107,Ersan Ilyasova,MIL,33,63,48,15,15.7,109.5,105.3,4.2,6.5,1.44,11.2,5.9,21.2,13.8,7.8,54.6,58.9,15.8,107.93,10.5
112,107,Giannis Antetokounmpo,MIL,25,63,51,12,30.4,112.8,97.4,15.4,32.8,1.54,17.0,6.8,30.7,19.6,11.0,58.9,61.3,36.3,107.47,23.9
113,107,Gorgui Dieng,MEM,30,63,20,43,17.4,99.6,103.2,-3.6,10.7,1.22,13.5,7.4,22.1,14.6,11.1,53.0,56.8,17.5,103.14,13.1
114,107,JaMychal Green,LAC,30,63,43,20,20.7,110.7,105.7,5.0,5.1,0.91,10.3,5.5,20.9,13.4,11.3,56.0,57.6,13.2,104.66,8.3
115,107,Jarrett Culver,MIN,21,63,19,44,23.9,106.0,109.3,-3.3,10.5,1.36,13.5,4.1,9.2,6.5,10.0,46.2,46.7,18.7,105.22,5.5
116,107,Jerome Robinson,WAS,23,63,36,27,15.5,105.0,106.0,-1.0,12.3,1.78,18.5,1.2,11.0,6.0,10.4,45.0,47.6,15.5,107.76,5.0
117,107,Lonzo Ball,NOP,22,63,26,37,32.1,109.6,110.3,-0.7,29.2,2.27,32.4,3.2,14.2,8.7,14.3,51.1,51.7,18.1,104.82,10.1
118,107,Montrezl Harrell,LAC,26,63,44,19,27.8,112.3,105.8,6.5,10.2,0.99,9.2,8.9,14.1,11.6,9.3,58.0,60.7,24.5,104.73,14.5
119,107,Steven Adams,OKC,26,63,40,23,26.7,111.2,106.7,4.4,12.8,1.55,18.1,12.8,21.4,17.3,11.6,59.3,60.4,16.8,100.64,13.6
120,107,Terry Rozier,CHA,26,63,21,42,34.4,104.5,113.4,-9.0,20.9,1.84,18.4,2.2,10.7,6.2,10.0,51.4,55.3,23.2,96.62,10.3
121,107,Trey Lyles,SAS,24,63,27,36,20.2,111.3,113.7,-2.4,7.2,1.77,14.7,5.6,22.8,14.2,8.3,54.1,55.7,13.6,100.81,8.8
122,123,Aaron Gordon,ORL,24,62,30,32,32.5,108.6,109.7,-1.2,16.5,2.28,19.1,5.0,18.1,11.4,8.4,48.4,51.6,20.5,99.72,10.4
123,123,Anthony Davis,LAL,27,62,46,16,34.4,111.3,106.4,5.0,15.3,1.30,12.0,6.5,19.7,13.1,9.3,53.6,61.0,28.4,102.47,17.9
124,123,Brandon Ingram,NOP,22,62,25,37,33.9,110.0,111.3,-1.3,19.2,1.37,15.3,2.3,14.4,8.4,11.2,53.1,58.7,27.5,105.01,13.0
125,123,Chris Boucher,TOR,27,62,45,17,13.2,109.4,103.8,5.7,4.9,0.93,6.5,12.1,18.5,15.4,6.9,53.5,58.7,18.5,102.61,12.8
126,123,Christian Wood,DET,24,62,20,42,21.4,110.8,108.8,2.0,7.4,0.71,8.0,7.9,21.4,14.7,11.1,62.0,65.9,22.3,99.54,15.3
127,123,Danilo Gallinari,OKC,31,62,37,25,29.6,116.9,111.2,5.7,9.9,1.57,10.5,2.0,15.7,9.0,6.7,54.7,61.2,24.2,99.20,13.0
128,123,Domantas Sabonis,IND,24,62,37,25,34.8,109.9,106.8,3.1,21.5,1.82,21.3,8.9,26.2,17.7,11.7,55.0,58.6,22.9,99.02,15.6
129,123,Garrett Temple,BKN,34,62,30,32,27.9,105.6,106.9,-1.4,13.2,2.52,18.6,1.5,9.6,5.6,7.4,48.6,51.3,16.2,102.83,7.8
130,123,Glenn Robinson III,PHI,26,62,17,45,28.8,106.5,114.3,-7.8,8.1,1.75,12.3,4.3,10.6,7.4,7.1,55.2,57.7,16.0,101.35,8.4
131,123,Josh Okogie,MIN,21,62,19,43,25.0,106.3,111.0,-4.7,8.9,1.14,14.8,5.0,11.4,8.1,13.0,47.9,55.3,14.8,105.88,7.0
132,123,Khris Middleton,MIL,28,62,46,16,29.9,113.3,100.9,12.4,21.2,1.93,18.4,2.3,15.7,9.4,9.5,57.5,61.9,26.0,106.64,15.4
133,123,Marcus Morris Sr.,LAC,30,62,26,36,31.2,111.3,109.9,1.5,6.6,0.89,8.0,2.9,12.8,7.7,9.0,52.6,57.0,21.6,98.90,9.2
134,123,Maurice Harkless,NYK,27,62,39,23,23.0,109.7,108.5,1.2,6.2,1.28,15.7,3.8,11.7,7.9,12.2,56.2,57.2,10.5,103.38,5.9
135,123,Mo Bamba,ORL,22,62,30,32,14.2,103.9,103.4,0.5,7.7,1.00,10.7,9.9,21.6,15.5,10.7,52.6,54.2,16.3,99.81,11.5
136,123,Myles Turner,IND,24,62,37,25,29.4,107.0,106.7,0.4,5.7,0.85,8.8,4.7,16.8,10.9,10.4,53.0,56.6,18.0,98.47,9.6
137,123,Nikola Vucevic,ORL,29,62,28,34,32.2,110.1,109.2,0.9,18.2,2.52,15.7,6.8,27.0,16.7,6.2,52.5,54.9,25.8,99.81,15.3
138,123,Taj Gibson,NYK,35,62,21,41,16.5,101.2,113.7,-12.5,7.7,1.11,12.7,9.8,15.8,12.6,11.5,59.1,61.0,14.5,99.29,9.7
139,140,Bogdan Bogdanovic,SAC,27,61,29,32,28.9,109.1,110.8,-1.7,18.4,2.03,18.5,1.4,10.5,5.8,9.1,54.7,56.5,22.1,99.24,10.2
140,140,Darius Bazley,OKC,20,61,36,25,18.5,98.9,102.1,-3.2,5.4,0.91,9.5,2.5,17.2,10.1,10.4,47.2,49.7,14.6,101.87,8.7
141,140,Eric Bledsoe,MIL,30,61,48,13,27.0,112.5,100.8,11.8,27.5,2.22,25.8,2.5,12.1,7.7,11.7,52.8,57.1,23.3,108.10,12.5
142,140,Gary Trent Jr.,POR,21,61,29,32,21.8,112.2,113.6,-1.4,6.4,2.90,11.2,1.7,5.2,3.5,3.9,57.1,58.7,15.0,102.22,6.9
143,140,Jrue Holiday,NOP,30,61,26,35,34.7,110.0,109.5,0.5,28.4,2.22,24.4,3.4,9.5,6.5,11.0,51.6,53.7,24.1,104.32,11.5
144,140,Kyle Kuzma,LAL,24,61,46,15,25.0,110.1,105.2,4.9,7.6,0.88,8.9,3.3,13.5,8.5,10.1,50.0,53.1,22.1,103.35,8.5
145,140,Lonnie Walker IV,SAS,21,61,29,32,16.2,109.0,109.4,-0.4,9.9,1.55,13.7,2.3,11.0,6.7,8.9,48.3,50.7,18.3,102.55,6.8
146,140,Luka Doncic,DAL,21,61,36,25,33.6,116.7,111.4,5.3,45.4,2.07,23.6,3.6,22.4,13.2,11.4,53.1,58.5,35.5,101.24,19.4
147,140,Mason Plumlee,DEN,30,61,38,23,17.3,107.6,108.6,-1.0,21.0,1.88,25.9,8.7,19.5,14.1,13.8,61.5,61.3,17.3,101.26,12.0
148,140,Mitchell Robinson,NYK,22,61,20,41,23.2,106.1,109.1,-2.9,3.9,0.97,7.5,12.2,16.0,14.1,7.7,74.2,72.6,12.9,100.69,12.9
149,140,Nerlens Noel,OKC,26,61,38,23,18.5,106.7,105.3,1.3,7.9,0.86,13.0,8.2,17.4,13.0,15.0,68.6,71.1,14.8,99.92,12.5
150,151,De'Anthony Melton,MEM,22,60,27,33,19.5,110.2,105.0,5.1,19.6,2.08,24.6,3.5,13.7,8.7,11.8,45.1,50.1,18.5,105.86,9.3
151,151,Eric Paschall,GSW,23,60,14,46,27.6,103.6,114.2,-10.6,12.6,1.35,13.4,4.7,11.6,8.1,9.9,52.6,57.1,20.7,102.09,9.6
152,151,JJ Redick,NOP,36,60,26,34,26.3,111.7,112.7,-1.0,10.7,1.59,13.3,0.6,8.3,4.5,8.4,59.6,64.4,19.7,106.10,9.8
153,151,Marcus Smart,BOS,26,60,39,21,32.0,111.9,104.6,7.3,21.4,2.83,25.5,2.0,8.9,5.5,9.0,47.6,51.8,18.3,101.51,9.0
154,151,Nicolo Melli,NOP,29,60,26,34,17.4,105.9,110.3,-4.3,11.2,1.78,16.9,3.4,13.2,8.2,9.5,52.8,55.6,15.8,103.89,7.2
155,151,Pascal Siakam,TOR,26,60,46,14,35.2,111.8,103.0,8.8,16.1,1.40,13.0,3.0,16.2,9.8,9.3,51.2,55.4,27.8,101.93,12.9
156,151,Rondae Hollis-Jefferson,TOR,25,60,43,17,18.7,108.5,104.3,4.2,14.1,1.80,19.0,8.9,14.3,11.6,10.6,47.6,53.3,16.4,101.96,10.1
157,151,Thon Maker,DET,23,60,20,40,12.9,103.8,111.9,-8.0,8.8,0.96,13.0,6.9,15.2,11.0,13.6,53.9,58.2,16.0,98.52,7.6
158,151,Trae Young,ATL,21,60,18,42,35.3,111.2,116.1,-4.9,42.3,1.94,24.1,1.4,10.0,5.7,12.4,51.9,59.5,33.9,105.18,16.0
159,151,Vince Carter,ATL,43,60,19,41,14.6,102.0,110.1,-8.1,8.1,1.45,12.1,1.9,11.4,6.5,8.3,45.2,47.0,16.3,104.65,5.0
160,151,Zach LaVine,CHI,25,60,20,40,34.8,106.8,111.2,-4.4,21.8,1.23,14.2,1.9,12.5,7.0,11.5,52.6,56.8,31.2,100.85,13.0
161,162,Darius Garland,CLE,20,59,17,42,30.9,105.2,113.8,-8.7,18.2,1.52,20.6,1.4,4.6,3.0,13.6,47.6,49.8,20.1,100.37,5.7
162,162,Derrick Jones Jr.,MIA,23,59,34,25,23.3,109.9,110.4,-0.5,6.8,2.07,12.6,4.9,11.5,8.3,6.1,58.0,62.0,13.5,99.97,8.7
163,162,Frank Jackson,NOP,22,59,26,33,13.5,109.9,113.3,-3.4,10.7,1.24,12.9,2.5,7.0,4.8,10.4,47.6,51.0,20.3,107.45,5.5
164,162,George Hill,MIL,34,59,47,12,21.5,112.7,102.1,10.6,19.6,3.16,27.5,3.8,8.6,6.3,8.7,62.4,65.9,15.2,104.84,11.7
165,162,Goran Dragic,MIA,34,59,37,22,28.2,111.7,108.2,3.5,29.7,2.09,23.5,1.7,9.0,5.5,11.3,52.6,57.3,24.8,100.66,11.4
166,162,Jamal Murray,DEN,23,59,38,21,32.3,113.0,107.7,5.3,22.8,2.24,20.7,2.4,10.1,6.3,9.2,51.9,55.9,24.8,97.48,12.1
167,162,Jeff Teague,ATL,32,59,22,37,24.8,108.0,113.7,-5.7,30.6,2.66,30.9,1.7,7.4,4.6,11.6,48.0,55.7,19.2,104.32,10.0
168,162,Marquese Chriss,GSW,22,59,15,44,20.3,103.7,113.2,-9.5,15.0,1.46,17.6,8.9,21.2,14.8,12.0,55.6,60.4,18.4,102.49,12.7
169,162,Patrick Patterson,LAC,31,59,39,20,13.2,107.4,104.9,2.5,7.5,1.95,13.1,4.2,13.6,9.0,6.7,55.2,58.0,14.3,104.60,8.5
170,162,Solomon Hill,MIA,29,59,29,30,18.4,108.7,110.9,-2.1,12.4,2.04,22.7,2.6,11.8,7.3,11.1,50.9,53.5,13.5,104.09,6.7
171,162,Tony Snell,DET,28,59,18,41,27.8,105.9,111.4,-5.5,11.0,4.10,23.0,0.5,6.4,3.4,5.6,57.9,59.8,11.0,98.42,6.2
172,173,Brandon Clarke,MEM,23,58,29,29,22.4,107.7,107.8,-0.1,9.2,1.47,12.3,6.7,17.7,12.4,8.3,64.2,66.3,18.0,106.13,13.9
173,173,Bruce Brown,DET,23,58,18,40,28.2,106.0,110.4,-4.3,20.8,2.30,27.7,3.8,13.1,8.4,12.0,48.0,51.8,15.9,98.00,8.3
174,173,Cam Reddish,ATL,20,58,17,41,26.7,106.9,113.2,-6.3,7.9,0.91,11.0,2.1,11.0,6.5,12.1,45.9,50.0,18.5,105.58,5.9
175,173,Carmelo Anthony,POR,36,58,28,30,32.8,113.6,113.0,0.6,6.3,0.85,8.2,3.6,14.5,9.2,9.6,48.5,52.5,21.4,100.55,7.8
176,173,Cody Zeller,CHA,27,58,18,40,23.1,105.3,113.6,-8.3,11.1,1.17,12.3,11.0,19.7,15.1,10.5,54.3,57.6,20.1,97.50,11.4
177,173,Enes Kanter,BOS,28,58,36,22,17.0,113.8,103.9,9.9,8.4,1.00,11.2,15.8,25.7,20.8,11.2,57.3,59.9,18.6,100.43,15.3
178,173,Jevon Carter,PHX,24,58,29,29,16.3,106.3,105.6,0.7,12.9,2.63,22.6,3.1,9.0,6.1,8.6,54.3,56.3,12.7,103.20,7.3
179,173,Jimmy Butler,MIA,30,58,38,20,33.8,113.2,108.0,5.2,28.3,2.76,23.9,5.5,13.9,9.8,8.7,47.4,58.5,24.6,98.25,15.9
180,173,Kyle Korver,MIL,39,58,43,15,16.6,109.0,103.7,5.4,9.2,1.42,16.2,1.4,9.1,5.5,11.4,59.9,62.0,14.5,108.43,7.6
181,173,Kyle Lowry,TOR,34,58,41,17,36.2,110.0,104.0,6.0,30.9,2.43,27.9,1.5,11.5,6.6,11.5,51.8,59.0,22.5,102.29,12.5
182,173,Markieff Morris,LAL,30,58,22,36,20.5,104.1,109.9,-5.8,10.0,1.01,11.9,3.3,14.4,8.9,11.7,53.9,56.5,20.2,101.21,8.4
183,173,Marvin Williams,MIL,34,58,21,37,19.5,107.1,109.9,-2.8,7.6,1.82,15.7,2.5,13.2,7.8,8.6,55.1,58.7,12.0,101.70,7.4
184,173,P.J. Washington,CHA,21,58,22,36,30.3,103.9,110.1,-6.3,11.5,1.32,14.2,3.2,14.5,8.7,10.8,52.8,54.7,18.4,97.23,8.3
185,173,Ryan Arcidiacono,CHI,26,58,21,37,16.0,101.5,105.4,-4.0,14.3,2.59,25.9,1.9,9.8,5.6,10.0,53.2,55.1,12.1,102.69,6.1
186,173,Tony Bradley,UTA,22,58,36,22,11.4,109.4,109.4,0.1,5.1,0.77,8.8,15.8,22.6,19.2,11.5,67.5,68.1,14.7,103.11,12.2
187,173,Torrey Craig,DEN,29,58,38,20,18.5,107.6,113.3,-5.7,6.1,1.88,13.3,5.8,11.8,8.8,7.1,54.5,55.3,12.3,98.36,5.6
188,173,Will Barton,DEN,29,58,38,20,33.0,112.7,106.9,5.8,15.7,2.41,19.4,4.0,14.7,9.4,8.0,52.3,54.9,19.7,97.97,10.9
189,190,Andre Drummond,CLE,26,57,21,36,33.0,107.0,112.0,-5.0,13.3,0.75,12.0,12.9,33.6,22.9,16.0,53.6,55.3,25.3,98.80,15.3
190,190,Ben Simmons,PHI,23,57,35,22,35.4,109.1,107.3,1.7,33.5,2.28,31.6,5.4,15.9,10.7,13.9,58.1,60.2,20.6,101.09,14.2
191,190,Bradley Beal,WAS,27,57,20,37,36.0,113.1,117.6,-4.5,28.5,1.79,17.1,2.4,9.5,5.8,9.5,52.0,57.9,33.8,103.64,14.3
192,190,Cameron Johnson,PHX,24,57,28,29,22.0,109.3,108.3,1.0,7.8,2.16,13.0,3.7,10.9,7.2,6.0,56.5,58.6,15.1,103.90,8.2
193,190,D.J. Augustin,ORL,32,57,28,29,24.9,106.2,104.6,1.5,28.1,3.05,29.9,1.5,6.7,4.1,9.8,47.5,55.4,18.4,99.57,10.2
194,190,Frank Ntilikina,NYK,21,57,19,38,20.8,104.8,108.7,-3.9,20.9,2.42,28.7,1.8,8.2,4.9,11.8,45.9,49.7,15.2,99.51,6.3
195,190,Jalen Brunson,DAL,23,57,34,23,17.9,113.2,105.6,7.6,26.5,2.85,27.9,2.1,10.0,6.1,9.8,52.2,55.3,19.9,100.74,10.7
196,190,Jaren Jackson Jr.,MEM,20,57,28,29,28.5,108.3,110.9,-2.6,7.3,0.79,7.7,3.3,12.0,7.7,9.8,56.5,59.3,23.8,104.40,8.9
197,190,Jaylen Brown,BOS,23,57,38,19,33.9,113.7,106.8,6.9,9.5,0.94,9.6,3.1,14.9,9.0,10.1,55.4,58.3,24.5,99.75,11.3
198,190,Jordan Poole,GSW,21,57,12,45,22.3,101.8,110.0,-8.2,16.0,1.81,17.8,0.7,8.7,4.5,9.8,40.6,45.4,20.0,103.47,5.1
199,190,Kawhi Leonard,LAC,29,57,41,16,32.4,116.9,104.7,12.2,25.5,1.88,16.2,2.8,17.5,10.3,8.6,52.4,58.9,32.7,100.54,19.1
200,190,Kristaps Porzingis,DAL,24,57,32,25,31.8,116.1,109.3,6.9,8.8,1.11,8.2,5.2,22.1,13.7,7.4,50.3,55.1,26.3,101.54,12.8
201,190,Marco Belinelli,SAS,34,57,27,30,15.5,110.8,109.3,1.5,10.2,3.63,16.3,0.8,9.7,5.3,4.5,49.8,53.2,16.6,104.30,7.1
202,190,Matthew Dellavedova,CLE,29,57,17,40,14.4,103.7,105.0,-1.2,29.7,3.05,41.9,2.2,6.7,4.5,13.7,41.4,46.3,12.8,101.20,5.9
203,190,Russell Westbrook,HOU,31,57,36,21,36.0,110.2,107.1,3.1,34.0,1.57,19.1,4.4,15.7,10.0,12.2,49.3,53.6,33.0,107.33,14.5
204,190,Tristan Thompson,CLE,29,57,19,38,30.2,105.0,115.2,-10.1,10.6,1.17,14.0,12.6,20.7,16.5,12.0,52.0,54.0,18.1,99.12,10.8
205,206,Bruno Fernando,ATL,21,56,18,38,12.7,102.0,107.6,-5.6,10.1,1.17,15.8,8.5,17.9,13.1,13.5,53.0,54.2,14.7,103.78,7.9
206,206,DeAndre Jordan,BKN,31,56,27,29,22.0,104.0,105.8,-1.8,13.2,1.42,20.3,10.5,29.3,20.2,14.3,66.6,68.2,13.6,102.91,16.8
207,206,E'Twaun Moore,NOP,31,56,27,29,18.2,108.1,110.3,-2.2,11.0,1.95,13.6,2.7,9.5,6.0,7.0,49.8,51.0,19.6,103.78,7.4
208,206,Gary Harris,DEN,25,56,37,19,31.8,110.5,107.1,3.4,9.1,1.97,16.0,1.5,7.7,4.6,8.1,48.7,51.9,15.0,97.71,6.2
209,206,Kelly Oubre Jr.,PHX,24,56,22,34,34.5,110.6,110.4,0.2,6.6,1.02,7.7,3.4,15.1,9.2,7.6,51.7,56.0,21.9,102.50,9.7
210,206,Kemba Walker,BOS,30,56,37,19,31.1,115.2,108.1,7.1,23.2,2.29,19.6,2.0,10.0,6.0,8.5,52.6,57.5,26.8,100.23,13.0
211,206,Kevin Huerter,ATL,21,56,19,37,31.4,107.5,113.6,-6.1,17.1,2.45,22.8,1.9,10.6,6.2,9.3,51.7,53.6,16.9,104.12,7.8
212,206,Kevin Love,CLE,31,56,16,40,31.8,107.4,115.4,-8.0,15.0,1.27,15.8,3.0,28.6,15.5,12.4,55.0,59.9,22.5,100.17,14.0
213,206,Larry Nance Jr.,CLE,27,56,16,40,26.3,105.6,110.7,-5.1,12.6,2.05,19.0,6.8,20.9,13.6,9.2,59.6,60.8,15.0,99.92,12.5
214,206,RJ Barrett,NYK,20,56,17,39,30.4,105.4,114.5,-9.1,12.7,1.15,12.9,2.7,13.4,7.8,11.2,44.5,47.9,23.4,100.72,7.2
215,206,Rodney McGruder,LAC,28,56,38,18,15.6,107.6,106.8,0.8,5.5,1.50,14.1,3.2,12.3,7.9,9.4,46.4,47.7,10.1,106.69,4.9
216,206,Shabazz Napier,WAS,28,56,16,40,24.0,105.3,109.0,-3.6,29.5,2.05,28.8,1.8,10.0,5.6,14.1,49.6,55.2,19.7,103.98,10.2
217,206,Svi Mykhailiuk,DET,23,56,17,39,22.6,108.6,109.2,-0.6,12.0,1.74,17.7,1.3,7.1,4.1,10.2,55.2,57.8,16.5,100.15,6.9
218,206,Terrance Ferguson,OKC,22,56,33,23,22.5,106.7,110.7,-4.0,5.5,1.65,16.4,1.9,3.9,2.9,10.0,46.6,48.1,9.2,98.66,0.7
219,220,Abdel Nader,OKC,26,55,37,18,15.8,100.9,105.2,-4.2,6.8,0.88,10.3,1.6,9.5,5.6,11.6,55.9,59.1,16.4,101.79,7.2
220,220,Alex Len,SAC,27,55,18,37,17.6,102.3,107.8,-5.4,8.3,0.91,10.6,9.4,20.2,14.9,11.7,58.0,60.0,17.6,104.70,11.8
221,220,Anthony Tolliver,MEM,35,55,24,31,15.9,105.5,111.6,-6.0,6.4,1.24,15.5,3.5,13.0,8.2,12.5,49.2,51.3,10.8,103.58,4.9
222,220,Damian Jones,ATL,25,55,15,40,16.1,104.7,117.3,-12.6,5.7,1.25,12.5,8.0,15.3,11.5,10.0,68.5,71.2,11.3,104.69,8.0
223,220,Elie Okobo,PHX,22,55,23,32,13.1,105.7,109.0,-3.2,22.7,3.03,31.4,2.2,10.2,6.1,10.4,46.7,51.6,14.7,100.98,7.9
224,220,Josh Richardson,PHI,26,55,33,22,30.8,109.3,106.0,3.3,13.8,1.56,16.6,2.3,7.5,4.9,10.7,49.6,53.3,20.0,100.38,7.8
225,220,Malik Beasley,MIN,23,55,30,25,22.0,109.8,111.6,-1.9,9.3,1.32,10.8,1.4,10.7,5.9,8.2,52.5,54.6,20.8,103.39,8.3
226,220,Malik Monk,CHA,22,55,18,37,21.3,101.8,112.3,-10.5,16.8,1.48,15.8,2.1,10.8,6.3,10.7,49.4,53.0,22.0,98.93,9.1
227,220,Michael Porter Jr.,DEN,22,55,36,19,16.4,113.0,112.4,0.7,7.4,0.94,9.0,7.0,21.4,14.1,9.6,59.0,61.7,21.1,101.26,12.3
228,220,Serge Ibaka,TOR,30,55,40,15,27.0,108.6,105.5,3.1,8.6,0.71,8.5,7.5,20.5,14.2,12.0,56.4,58.3,23.6,102.04,12.4
229,220,Treveon Graham,ATL,26,55,21,34,16.9,103.9,110.1,-6.2,6.9,1.55,13.2,5.0,9.9,7.4,8.5,42.8,45.6,13.0,103.76,3.7
230,220,Tyler Herro,MIA,20,55,34,21,27.4,107.9,109.6,-1.7,13.1,1.39,13.8,1.1,13.1,7.2,9.9,52.0,55.0,21.3,100.21,9.9
231,232,Andrew Wiggins,GSW,25,54,15,39,34.4,107.7,112.8,-5.1,18.0,1.50,13.9,3.3,11.0,7.0,9.3,50.4,53.6,26.9,103.46,10.4
232,232,Davis Bertans,WAS,27,54,20,34,29.3,113.6,113.9,-0.3,8.1,1.56,11.4,2.1,13.0,7.4,7.3,59.8,62.8,18.3,105.96,9.4
233,232,Emmanuel Mudiay,UTA,24,54,34,20,15.7,105.4,107.4,-2.0,21.2,1.53,20.8,2.1,11.7,7.1,13.6,50.8,54.3,21.8,103.02,9.5
234,232,Fred VanVleet,TOR,26,54,40,14,35.7,109.1,104.3,4.8,28.1,2.95,26.7,0.9,8.8,5.0,9.1,50.7,55.3,21.8,100.95,11.6
235,232,Goga Bitadze,IND,20,54,32,22,8.7,102.2,103.7,-1.4,6.6,0.82,10.6,5.2,14.6,10.3,12.9,49.3,52.3,17.0,105.77,7.2
236,232,Malcolm Brogdon,IND,27,54,34,20,30.9,108.1,105.7,2.3,35.0,2.91,28.6,2.8,12.4,7.8,9.8,48.9,54.1,24.9,98.85,13.6
237,232,Raul Neto,PHI,28,54,29,25,12.4,103.8,101.1,2.8,21.8,2.02,24.7,1.6,7.2,4.4,12.2,53.2,56.7,18.1,101.49,9.4
238,232,Willie Cauley-Stein,DAL,26,54,16,38,20.3,102.2,107.7,-5.5,9.8,1.75,15.9,7.2,20.2,13.6,9.1,57.9,58.9,14.4,100.68,11.3
239,240,Bismack Biyombo,CHA,27,53,18,35,19.4,104.1,110.8,-6.6,7.9,1.04,11.2,11.2,17.8,14.5,10.8,54.3,57.0,16.8,96.39,9.7
240,240,LaMarcus Aldridge,SAS,34,53,23,30,33.1,110.2,113.4,-3.2,11.7,1.74,12.0,5.8,16.2,11.0,6.9,53.2,57.1,23.6,99.82,12.0
241,240,Landry Shamet,LAC,23,53,34,19,27.4,112.5,108.2,4.3,9.0,2.36,17.6,0.4,5.8,3.2,7.5,54.6,58.0,13.2,103.11,4.8
242,240,Mario Hezonja,POR,25,53,24,29,16.4,104.7,114.2,-9.5,8.0,1.19,14.8,3.2,15.8,9.6,12.5,47.7,52.5,13.5,104.33,6.7
243,240,Trevor Ariza,POR,35,53,22,31,28.2,109.0,109.3,-0.3,8.1,1.63,18.1,2.2,13.7,8.0,11.1,55.7,59.3,11.7,100.74,7.7
244,245,Gordon Hayward,BOS,30,52,34,18,33.5,113.8,105.4,8.5,17.8,2.21,19.8,3.1,15.9,9.6,9.0,56.1,59.5,20.6,101.89,13.2
245,245,Norman Powell,TOR,27,52,40,12,28.4,109.3,104.6,4.6,9.5,1.18,11.0,1.7,9.8,5.9,9.3,58.6,62.4,21.0,103.48,10.9
246,245,Sterling Brown,MIL,25,52,39,13,14.7,104.0,101.7,2.4,9.4,1.21,14.0,3.7,16.8,10.5,11.5,45.7,48.6,16.2,106.75,8.2
247,245,Wes Iwundu,ORL,25,52,23,29,18.3,104.1,104.6,-0.5,8.9,2.31,16.5,2.3,10.9,6.5,7.1,47.6,54.4,13.4,100.73,6.7
248,249,De'Aaron Fox,SAC,22,51,20,31,32.0,110.7,114.6,-4.0,33.6,2.20,23.7,2.1,9.9,5.9,10.7,51.3,55.8,29.0,102.19,12.4
249,249,Derrick Favors,NOP,28,51,24,27,24.4,112.1,107.9,4.2,8.7,1.47,16.1,12.1,24.9,18.5,10.9,61.8,62.0,13.5,104.39,12.9
250,249,Joel Embiid,PHI,26,51,32,19,29.5,107.2,102.0,5.2,17.8,0.96,11.7,9.1,27.9,18.7,12.2,51.2,59.0,31.5,102.07,19.4
251,249,Kris Dunn,CHI,26,51,19,32,24.9,103.5,103.6,-0.1,19.8,2.54,28.5,1.7,13.2,7.3,11.2,48.7,51.0,14.5,101.61,8.2
252,249,Meyers Leonard,MIA,28,51,34,17,20.3,110.4,105.9,4.5,7.5,1.41,16.3,3.0,21.4,12.6,11.5,62.2,62.7,12.1,98.17,8.5
253,249,Patrick Beverley,LAC,31,51,38,13,26.3,114.2,104.0,10.2,18.0,2.77,30.0,4.0,14.5,9.3,10.8,54.8,56.0,13.1,101.66,8.8
254,249,Paul Millsap,DEN,35,51,30,21,24.3,113.7,104.5,9.3,9.3,1.19,12.7,7.9,15.7,11.8,10.8,54.3,59.1,19.7,97.82,10.2
255,256,Derrick Rose,DET,31,50,17,33,26.0,108.8,112.2,-3.4,37.3,2.21,22.9,2.1,7.1,4.6,10.4,52.0,55.5,30.3,101.76,14.0
256,256,Kevin Porter Jr.,CLE,20,50,15,35,23.2,102.0,113.2,-11.2,14.7,1.17,16.4,1.8,12.1,6.8,14.0,50.5,53.5,20.2,100.15,6.9
257,256,Lauri Markkanen,CHI,23,50,18,32,29.8,105.3,107.3,-2.0,7.7,0.91,9.1,3.8,17.4,10.4,10.0,51.7,56.0,20.9,101.72,10.3
258,256,Yogi Ferrell,SAC,27,50,20,30,10.6,103.1,104.9,-1.8,19.6,2.46,22.8,1.1,8.5,4.6,9.2,48.4,52.8,18.5,101.57,9.1
259,260,Avery Bradley,LAL,29,49,36,13,24.2,111.3,104.0,7.4,7.0,1.34,12.5,1.5,7.7,4.7,9.3,52.6,53.7,15.3,103.08,5.5
260,260,Damion Lee,GSW,27,49,12,37,29.0,105.6,109.7,-4.1,13.9,1.99,17.5,2.1,14.4,8.1,8.8,50.0,54.8,18.4,103.05,8.9
261,260,Omari Spellman,MIN,22,49,11,38,18.1,101.2,109.7,-8.5,8.6,0.87,10.8,7.6,15.5,11.4,12.4,50.3,55.1,17.7,102.39,9.8
262,263,Cody Martin,CHA,24,48,16,32,18.8,104.5,107.7,-3.2,15.4,2.16,25.4,3.9,14.0,8.6,11.8,47.3,50.5,13.1,98.77,7.6
263,263,Damyean Dotson,NYK,26,48,14,34,17.4,102.5,107.8,-5.3,10.5,2.71,15.0,1.1,9.1,5.0,5.5,51.6,52.7,15.8,101.48,7.9
264,263,Javonte Green,BOS,26,48,33,15,9.7,103.7,106.2,-2.6,7.9,1.13,13.3,5.1,13.4,9.4,11.8,53.6,56.4,14.9,103.57,8.6
265,263,Jeff Green,HOU,33,48,28,20,20.0,105.6,109.4,-3.8,8.2,1.19,10.4,2.4,10.8,6.7,8.8,55.2,59.0,18.8,103.94,8.6
266,263,Juancho Hernangomez,MIN,24,48,24,24,17.4,108.6,110.9,-2.3,6.3,1.25,11.4,4.6,18.4,11.1,9.1,49.4,51.8,14.9,105.27,7.2
267,263,Khem Birch,ORL,27,48,19,29,19.2,102.5,109.5,-7.1,7.9,1.61,18.4,8.9,14.4,11.5,11.4,51.0,56.6,10.1,99.62,6.9
268,263,Nassir Little,POR,20,48,22,26,11.9,109.5,112.7,-3.2,5.0,1.47,10.6,4.8,12.0,8.4,7.2,47.7,50.5,13.1,104.18,5.0
269,263,Paul George,LAC,30,48,34,14,29.6,115.0,106.3,8.7,20.5,1.48,15.7,1.7,16.1,9.1,10.6,53.9,58.9,29.2,102.25,14.7
270,263,Rajon Rondo,LAL,34,48,37,11,20.5,108.7,107.3,1.4,34.0,2.64,35.3,2.2,11.9,7.0,13.4,48.0,49.4,18.4,101.73,10.4
271,263,Rui Hachimura,WAS,22,48,15,33,30.1,108.5,116.7,-8.2,8.8,1.64,11.6,5.1,15.5,10.1,7.1,48.9,53.5,18.9,103.46,9.1
272,273,Cheick Diallo,PHX,23,47,20,27,10.2,103.9,107.7,-3.8,7.6,0.69,10.3,6.3,20.8,13.6,15.0,65.1,68.8,16.9,102.11,12.3
273,273,Mike Conley,UTA,32,47,26,21,29.0,109.7,107.6,2.1,23.6,2.26,22.5,2.4,8.3,5.4,10.0,49.4,53.7,22.3,100.61,9.6
274,273,Mike Muscala,OKC,28,47,26,21,12.2,103.4,105.7,-2.3,10.6,2.35,15.6,2.7,15.6,9.2,6.6,55.0,56.9,16.0,104.31,8.3
275,273,Nickeil Alexander-Walker,NOP,21,47,19,28,12.6,110.0,113.5,-3.6,21.2,1.65,20.9,1.5,12.2,6.8,12.7,45.5,47.3,23.3,104.60,6.9
276,273,Rodions Kurucs,BKN,22,47,18,29,14.5,102.8,104.2,-1.4,10.5,1.11,17.5,3.3,14.1,8.8,15.8,54.0,55.5,14.2,105.86,6.7
277,273,Timothe Luwawu-Cabarrot,BKN,25,47,20,27,18.1,103.5,104.8,-1.3,5.2,0.78,7.8,3.0,9.9,6.5,10.0,55.0,59.9,16.2,104.28,6.9
278,273,Troy Daniels,DEN,28,47,34,13,11.3,103.7,103.3,0.4,4.7,1.42,7.8,2.0,6.8,4.4,5.5,51.1,51.8,15.5,102.59,5.5
279,280,Hamidou Diallo,OKC,21,46,25,21,19.5,102.8,101.9,0.9,6.0,0.71,8.8,4.6,12.4,8.6,12.5,47.3,49.1,17.3,102.96,6.1
280,280,Harry Giles III,SAC,22,46,22,24,14.5,106.7,115.0,-8.2,13.5,1.36,15.9,6.5,24.1,14.9,11.6,55.4,58.0,20.6,102.08,10.3
281,280,Jeremy Lamb,IND,28,46,27,19,28.1,108.9,109.8,-0.9,10.7,1.92,14.2,1.9,13.5,7.9,7.4,50.6,54.7,19.5,99.33,9.5
282,280,Thomas Bryant,WAS,22,46,15,31,24.9,109.4,116.0,-6.6,10.7,1.57,13.8,8.1,19.8,13.9,8.8,62.6,64.9,18.5,104.26,13.0
283,284,Caris LeVert,BKN,25,45,21,24,29.6,109.8,109.5,0.2,24.2,1.69,17.6,3.4,9.6,6.5,10.4,48.0,51.4,28.4,102.65,11.1
284,284,D'Angelo Russell,MIN,24,45,11,34,32.3,106.2,114.3,-8.1,32.7,1.94,20.8,1.1,10.7,5.7,10.7,51.9,55.6,30.5,104.75,12.5
285,284,Elfrid Payton,NYK,26,45,17,28,27.7,109.4,112.3,-3.0,34.7,3.36,36.0,3.9,12.6,8.1,10.7,45.5,47.0,19.0,100.50,11.1
286,284,Jared Dudley,LAL,34,45,30,15,8.1,101.7,98.4,3.3,10.4,3.50,28.9,1.7,11.9,6.9,8.2,55.0,55.8,8.1,100.67,6.0
287,284,Ky Bowman,GSW,23,45,9,36,22.6,99.8,108.2,-8.4,20.2,1.87,24.3,2.2,9.3,5.7,13.0,46.9,49.4,16.8,101.63,6.7
288,284,Michael Carter-Williams,ORL,28,45,21,24,18.5,109.5,108.1,1.4,19.2,2.10,23.6,5.0,12.1,8.4,11.3,46.9,53.5,17.5,100.39,9.6
289,284,Moritz Wagner,WAS,23,45,15,30,18.6,107.2,111.4,-4.2,10.0,0.85,13.1,6.3,20.2,12.9,15.4,59.2,63.8,17.9,107.45,9.3
290,291,Boban Marjanovic,DAL,31,44,21,23,9.6,116.0,110.5,5.5,7.3,0.67,7.0,15.8,29.8,22.9,10.5,58.3,61.2,25.8,101.49,15.9
291,291,Chris Silva,MIA,23,44,27,17,7.9,103.8,109.8,-6.0,10.3,0.72,14.4,16.2,18.4,17.3,20.0,61.5,65.1,15.5,103.06,8.4
292,291,Dewayne Dedmon,ATL,30,44,17,27,17.6,107.4,108.1,-0.7,4.1,0.39,6.3,7.5,24.1,15.7,16.4,44.3,47.3,17.9,100.29,6.5
293,291,Keita Bates-Diop,DEN,24,44,10,34,16.9,100.3,110.9,-10.6,6.4,1.76,9.6,3.0,13.1,7.8,5.4,50.0,53.9,15.6,103.31,8.6
294,291,Marc Gasol,TOR,35,44,35,9,26.4,109.0,98.9,10.1,17.3,2.49,29.1,2.7,18.7,11.2,11.7,52.9,55.1,13.3,101.90,9.6
295,291,Marko Guduric,MEM,25,44,19,25,11.0,104.4,107.1,-2.6,12.7,1.25,18.2,2.8,11.5,7.2,14.6,47.5,51.4,16.8,105.41,6.6
296,291,Quinn Cook,LAL,27,44,31,13,11.5,107.0,102.5,4.5,13.9,1.48,16.3,2.0,7.1,4.6,11.0,49.8,50.9,20.1,103.66,7.2
297,291,Richaun Holmes,SAC,26,44,16,28,28.2,110.8,109.6,1.2,5.0,0.81,8.5,10.1,19.1,14.5,10.6,64.8,68.1,15.6,98.72,11.5
298,299,Daniel Gafford,CHI,21,43,15,28,14.2,102.6,104.5,-1.9,5.1,0.72,10.0,8.1,9.2,8.7,13.7,70.1,68.6,13.1,102.14,7.6
299,299,DeAndre' Bembry,ATL,25,43,10,33,21.3,98.9,110.6,-11.8,13.0,1.35,20.7,3.4,12.3,7.7,15.3,48.9,50.0,13.7,105.69,6.9
300,299,Draymond Green,GSW,30,43,10,33,28.4,103.2,110.4,-7.2,31.0,2.71,37.1,1.8,19.2,10.4,13.7,44.6,48.9,15.6,102.94,10.0
301,299,Shaquille Harrison,CHI,26,43,14,29,11.3,106.5,99.7,6.8,14.7,2.58,19.1,4.2,13.9,8.7,7.4,51.5,55.9,17.6,101.88,11.4
302,299,Wendell Carter Jr.,CHI,21,43,15,28,29.2,104.8,105.3,-0.5,6.2,0.71,9.5,10.2,21.6,15.6,13.4,54.2,59.0,16.2,100.79,10.3
303,304,Aron Baynes,PHX,33,42,19,23,22.2,110.2,111.7,-1.5,10.8,1.34,12.7,7.5,17.8,12.6,9.5,55.8,58.1,20.5,103.02,9.4
304,304,Gary Clark,ORL,25,42,23,19,13.5,104.2,109.3,-5.1,4.3,1.70,10.4,5.8,11.6,8.6,6.1,55.3,56.8,10.5,104.16,6.5
305,306,John Collins,ATL,22,41,15,26,33.2,107.0,112.1,-5.1,7.5,0.80,7.5,8.0,20.8,14.4,9.3,63.2,65.9,22.4,104.32,15.2
306,306,Matt Thomas,TOR,25,41,31,10,10.7,106.0,101.8,4.2,7.6,1.38,11.5,1.8,10.0,6.0,8.3,64.3,65.0,15.2,103.96,9.3
307,306,Terance Mann,LAC,23,41,27,14,8.8,103.1,103.0,0.1,20.9,2.94,32.7,2.6,11.2,7.0,11.1,51.3,54.5,12.3,105.91,7.4
308,306,Thabo Sefolosha,HOU,36,41,27,14,10.6,110.7,106.7,3.9,7.4,1.67,18.7,4.3,15.2,9.6,11.2,48.9,48.7,10.0,106.61,6.4
309,310,Alfonzo McKinnie,CLE,27,40,11,29,14.8,105.6,113.0,-7.4,3.2,0.54,6.2,6.1,13.1,9.5,11.6,46.8,49.3,14.7,101.43,4.7
310,310,Dwight Powell,DAL,28,40,25,15,26.5,116.3,107.4,8.9,7.6,1.64,15.8,7.1,13.2,10.2,9.7,65.9,67.7,12.6,99.41,9.4
311,310,Dzanan Musa,BKN,21,40,20,20,12.2,102.5,105.1,-2.5,13.1,1.19,15.5,3.9,11.7,7.9,13.0,42.7,48.4,19.3,105.02,7.4
312,310,Isaiah Thomas,WAS,31,40,14,26,23.1,109.8,120.2,-10.4,22.4,1.90,21.3,1.1,6.3,3.6,11.3,50.0,53.1,23.6,105.14,7.0
313,310,John Henson,DET,29,40,8,32,15.0,104.0,104.7,-0.7,13.3,1.50,19.2,7.7,19.1,13.4,12.8,57.9,57.8,16.0,100.77,10.8
314,310,Shake Milton,PHI,23,40,23,17,20.1,113.9,113.8,0.1,18.2,2.21,22.8,1.8,9.3,5.5,10.3,58.8,61.7,18.6,100.19,8.4
315,316,Clint Capela,ATL,26,39,22,17,32.8,110.0,107.4,2.5,5.6,0.76,8.8,11.8,26.5,19.1,11.6,62.9,62.6,15.6,104.64,14.3
316,316,Deonte Burton,OKC,26,39,22,17,9.1,91.3,104.1,-12.7,7.6,0.89,10.2,1.7,11.9,6.9,11.4,38.4,39.6,17.3,105.82,3.5
317,316,Dwayne Bacon,CHA,24,39,10,29,17.6,100.9,109.1,-8.2,12.1,1.41,14.6,2.0,12.4,6.9,10.4,38.7,41.9,18.9,99.14,4.9
318,316,Frank Kaminsky,PHX,27,39,19,20,19.9,108.0,109.0,-1.0,14.4,2.03,16.4,4.3,17.9,11.0,8.1,51.6,54.5,20.4,104.50,9.9
319,316,Kenrich Williams,NOP,25,39,12,27,21.3,107.4,108.5,-1.0,8.7,2.59,24.2,5.5,15.7,10.4,9.3,43.2,42.9,8.7,103.37,5.2
320,316,Tyler Johnson,BKN,28,39,16,23,18.2,103.8,109.4,-5.7,15.3,2.55,19.6,2.3,7.6,4.9,7.7,46.4,50.4,17.7,105.09,6.6
321,322,Deandre Ayton,PHX,21,38,20,18,32.5,112.5,108.5,4.0,9.1,0.90,9.5,12.0,22.5,17.4,10.6,54.8,56.8,23.1,101.95,13.7
322,322,Grayson Allen,MEM,24,38,16,22,18.9,105.1,111.1,-6.0,10.4,1.58,14.7,1.0,10.3,5.6,9.3,58.0,60.9,17.1,105.52,8.3
323,322,Ian Mahinmi,WAS,33,38,15,23,21.3,109.5,114.0,-4.5,8.4,1.09,13.9,8.9,17.6,13.0,12.8,50.7,54.5,15.4,102.05,7.8
324,322,Jabari Parker,SAC,25,38,9,29,24.2,110.4,115.3,-4.9,11.0,1.06,11.4,6.5,17.0,11.6,10.8,54.8,57.1,23.3,105.12,11.3
325,322,Sekou Doumbouya,DET,19,38,10,28,19.8,104.0,114.8,-10.8,3.7,0.54,6.2,2.6,13.7,7.9,11.4,44.9,47.4,16.4,98.84,3.9
326,327,Allen Crabbe,MIN,28,37,5,32,17.6,97.5,112.5,-15.0,7.3,1.94,14.2,1.4,9.8,5.3,7.3,45.8,47.0,12.2,106.22,4.3
327,327,Carsen Edwards,BOS,22,37,25,12,9.5,94.9,100.4,-5.5,11.1,1.60,13.8,1.4,10.7,5.9,8.6,42.2,44.4,17.1,105.10,5.2
328,327,D.J. Wilson,MIL,24,37,29,8,9.8,98.4,104.7,-6.3,10.4,1.32,13.6,3.1,18.1,11.2,10.3,46.2,47.5,17.5,107.13,7.6
329,327,Jordan McRae,DET,29,37,12,25,21.2,109.7,113.7,-4.1,17.4,2.16,16.9,2.2,13.9,7.8,7.8,46.9,51.5,23.9,104.59,9.3
330,327,Patrick McCaw,TOR,24,37,27,10,24.5,106.1,105.5,0.6,11.8,2.72,28.4,2.0,6.8,4.5,10.4,48.5,50.0,9.3,101.83,5.0
331,332,Denzel Valentine,CHI,26,36,12,24,13.6,99.7,104.7,-5.0,14.7,1.65,13.9,1.6,13.8,7.2,8.4,50.6,51.1,22.9,100.55,9.4
332,332,Eric Gordon,HOU,31,36,21,15,28.2,110.8,110.4,0.4,8.0,1.26,9.0,0.8,5.6,3.2,7.2,47.3,51.0,21.5,107.46,5.6
333,332,Justin James,SAC,23,36,14,22,6.5,97.8,100.2,-2.4,11.8,2.25,15.0,2.4,11.1,6.6,6.7,47.0,47.7,18.1,105.56,7.5
334,332,Luguentz Dort,OKC,21,36,26,10,22.8,112.6,108.3,4.4,4.5,1.23,9.4,3.0,6.6,4.9,7.7,46.3,50.6,13.9,100.00,3.4
335,332,Luke Kornet,CHI,24,36,11,25,15.5,103.4,107.0,-3.6,8.2,2.29,13.0,3.7,11.8,7.5,5.7,52.1,53.9,16.3,101.45,7.3
336,332,Noah Vonleh,DEN,24,36,13,23,10.5,98.9,103.9,-5.0,11.5,1.33,17.9,8.4,20.5,14.3,13.5,58.2,62.2,13.5,106.23,12.3
337,332,Wayne Ellington,NYK,32,36,9,27,15.5,102.4,105.5,-3.1,11.7,2.44,18.3,0.7,10.4,5.4,7.5,49.4,50.9,14.6,99.59,6.8
338,339,Dante Exum,CLE,24,35,10,25,13.9,98.2,107.1,-8.8,12.4,1.29,19.0,2.4,10.9,6.6,14.8,53.4,57.6,14.5,101.12,7.5
339,339,Karl-Anthony Towns,MIN,24,35,10,25,33.9,113.9,115.4,-1.5,21.0,1.39,15.7,7.5,24.0,15.5,11.3,60.0,64.2,27.8,104.69,16.8
340,339,Wilson Chandler,BKN,33,35,16,19,21.0,101.7,108.2,-6.4,8.0,1.15,14.7,1.4,16.4,9.1,12.8,50.5,53.1,12.8,102.59,6.5
341,342,Brandon Goodwin,ATL,24,34,13,21,12.7,94.5,108.2,-13.8,20.8,1.76,18.0,2.3,13.2,7.6,10.2,46.8,50.7,22.0,104.54,9.4
342,342,Dennis Smith Jr.,NYK,22,34,7,27,15.8,95.7,112.8,-17.1,29.7,1.69,25.1,3.4,10.2,6.7,14.8,37.9,39.9,22.3,101.15,4.9
343,342,JaKarr Sampson,IND,27,34,21,13,13.8,105.7,103.8,1.9,5.8,1.40,13.0,4.2,14.1,9.2,9.3,60.0,61.5,12.6,103.67,7.5
344,342,Jonathan Isaac,ORL,22,34,15,19,28.8,106.4,105.7,0.7,7.4,0.98,10.4,5.6,17.7,11.5,10.6,51.8,55.2,18.1,99.83,10.8
345,346,Admiral Schofield,WAS,23,33,9,24,11.2,102.9,110.0,-7.1,5.7,2.14,12.4,1.7,10.6,5.9,5.8,48.4,50.2,11.8,103.13,3.5
346,346,Chris Clemons,HOU,22,33,19,14,8.8,98.9,107.7,-8.8,16.2,1.42,14.0,1.2,8.0,4.6,9.8,53.2,54.8,23.5,106.65,8.5
347,346,Skal Labissiere,ATL,24,33,14,19,17.2,107.8,106.5,1.3,10.6,1.40,17.9,10.5,15.5,13.1,12.8,56.1,58.8,13.9,103.40,9.3
348,346,Theo Pinson,NYK,24,33,15,18,11.1,95.1,99.7,-4.6,24.0,1.70,22.4,2.4,10.1,6.4,13.2,33.9,37.0,21.8,102.85,5.1
349,346,Trey Burke,DAL,27,33,16,17,15.8,113.7,111.7,2.0,23.4,3.95,25.5,3.0,6.6,4.8,6.4,52.6,54.8,19.6,98.99,10.2
350,351,James Johnson,MIN,33,32,14,18,19.4,109.1,113.8,-4.6,17.7,1.54,20.7,3.8,14.5,9.0,13.4,55.6,57.2,18.6,105.48,8.6
351,351,Romeo Langford,BOS,20,32,22,10,11.6,111.1,102.2,8.9,4.5,1.18,11.2,3.8,6.5,5.2,9.5,38.1,43.4,11.3,102.20,2.4
352,353,Edmond Sumner,IND,24,31,16,15,14.4,104.7,107.3,-2.6,16.7,2.50,23.7,2.4,7.3,4.9,9.5,47.9,49.1,16.7,103.08,5.8
353,353,Kelan Martin,MIN,24,31,12,19,16.0,101.4,103.1,-1.7,7.1,1.15,9.7,2.1,15.4,8.5,8.4,46.1,50.6,17.1,106.45,7.7
354,353,Reggie Jackson,LAC,30,31,16,15,24.0,112.6,105.9,6.7,26.3,2.47,24.0,2.3,9.4,6.0,9.7,49.8,52.9,22.9,99.50,9.8
355,353,Ty Jerome,PHX,22,31,16,15,10.6,97.4,110.9,-13.5,22.2,2.44,24.2,1.9,12.0,6.6,9.9,39.8,42.5,17.0,103.08,6.6
356,353,Willy Hernangomez,CHA,26,31,7,24,12.1,102.2,104.8,-2.6,13.6,0.97,12.8,10.5,24.3,17.1,13.3,55.0,57.6,22.2,98.76,14.4
357,358,Bruno Caboclo,HOU,24,30,11,19,8.1,99.3,104.3,-5.1,7.6,0.92,10.2,8.1,14.5,11.1,11.0,46.1,48.4,17.0,108.49,8.1
358,358,Jahlil Okafor,NOP,24,30,9,21,15.6,105.7,115.7,-10.1,12.1,0.97,14.1,9.4,16.4,12.8,14.4,62.7,64.2,19.5,103.21,10.9
359,358,Jordan McLaughlin,MIN,24,30,7,23,19.7,105.3,111.1,-5.8,30.3,4.03,35.8,1.0,7.9,4.0,8.9,57.0,58.7,15.1,106.50,11.0
360,358,Naz Reid,MIN,20,30,8,22,16.5,108.4,107.6,0.7,10.6,1.59,10.9,6.0,17.6,11.5,6.8,47.7,50.5,23.4,105.60,8.5
361,358,Wenyen Gabriel,POR,23,30,10,20,7.8,104.6,111.9,-7.2,4.6,0.50,9.8,8.0,14.8,11.0,19.5,50.0,54.6,12.4,106.25,4.3
362,363,Gary Payton II,WAS,27,29,13,16,14.9,101.7,116.1,-14.3,15.8,2.40,25.7,5.3,12.7,8.8,10.7,47.0,47.3,12.9,102.83,6.9
363,363,J.J. Barea,DAL,36,29,15,14,15.5,112.6,109.7,2.9,36.5,2.95,30.5,2.2,9.7,5.8,10.4,48.8,51.2,24.5,99.70,10.5
364,363,Jacob Evans,MIN,23,29,8,21,14.4,99.0,110.0,-11.0,12.0,1.24,15.2,1.9,7.7,4.6,12.3,38.4,43.6,16.7,103.95,3.3
365,363,Jordan Bell,CLE,25,29,8,21,8.8,108.0,109.7,-1.6,9.0,0.76,13.6,11.0,18.7,14.9,17.8,55.2,57.7,15.9,104.75,9.6
366,363,Kyle O'Quinn,PHI,30,29,18,11,10.8,106.6,111.5,-4.9,22.5,2.55,31.1,9.9,26.5,17.8,12.2,53.5,54.4,14.8,100.49,12.9
367,363,PJ Dozier,DEN,23,29,18,11,14.2,109.4,115.2,-5.7,21.6,2.33,24.2,2.4,10.8,6.6,10.4,46.8,49.5,19.9,102.17,7.1
368,363,Reggie Bullock,NYK,29,29,9,20,23.6,103.8,109.6,-5.8,8.7,2.21,14.4,1.8,8.2,4.9,6.5,48.4,50.2,15.3,100.02,5.8
369,363,Robert Williams III,BOS,22,29,19,10,13.4,115.1,109.0,6.1,9.9,1.29,18.0,10.3,20.9,15.8,14.0,72.7,72.8,13.5,102.18,13.8
370,371,Chandler Hutchison,CHI,24,28,8,20,18.8,97.0,108.9,-11.9,7.7,0.96,9.9,3.2,18.0,10.1,10.3,49.1,52.1,18.3,105.15,8.6
371,371,Chris Chiozza,BKN,24,28,14,14,14.3,107.8,98.5,9.3,29.5,2.59,32.3,2.0,10.2,5.9,12.5,48.9,49.9,17.5,105.29,9.5
372,371,Ed Davis,UTA,31,28,16,12,10.8,95.2,110.4,-15.2,6.2,0.92,15.6,10.7,23.4,16.8,16.9,47.8,48.9,9.2,99.65,5.9
373,371,Luke Kennard,DET,24,28,11,17,32.9,109.2,111.3,-2.1,18.8,2.67,21.7,1.0,9.5,5.4,8.1,54.8,58.9,19.3,98.61,9.8
374,371,Malcolm Miller,TOR,27,28,24,4,5.8,119.0,103.2,15.9,8.2,2.75,22.9,1.3,7.7,4.7,8.3,55.2,53.8,9.0,103.76,3.5
375,371,TJ Leaf,IND,23,28,16,12,7.9,97.8,97.5,0.2,5.7,1.13,8.2,9.4,17.4,13.6,7.3,44.8,45.1,18.0,106.37,9.2
376,377,Anzejs Pasecniks,WAS,24,27,9,18,16.2,109.6,109.4,0.2,5.8,0.75,9.9,8.6,15.3,11.7,13.2,52.6,55.1,15.1,104.65,5.7
377,377,Caleb Swanigan,POR,23,27,12,15,10.7,108.0,114.5,-6.5,13.8,0.84,25.4,9.9,24.8,17.6,30.3,59.6,59.7,13.2,104.23,5.4
378,377,Tim Frazier,DET,29,27,9,18,13.1,100.5,107.4,-6.9,39.1,2.58,39.6,2.4,7.1,4.7,15.3,41.5,46.4,17.1,100.04,6.8
379,380,Derrick Walton Jr.,DET,25,26,15,11,9.6,103.7,104.6,-0.9,15.5,5.40,36.0,0.7,5.4,3.0,6.7,59.0,61.7,7.9,103.71,5.8
380,380,Tyson Chandler,HOU,37,26,15,11,8.4,109.7,104.1,5.7,3.7,0.75,15.8,9.7,17.2,13.3,21.1,77.8,71.7,5.7,107.95,6.1
381,382,Brandon Knight,DET,28,25,4,21,18.5,108.8,116.4,-7.6,21.6,1.82,23.8,0.9,9.3,4.7,13.1,48.8,50.3,20.7,98.80,5.2
382,382,Michael Kidd-Gilchrist,DAL,26,25,12,13,11.2,103.5,99.3,4.2,7.7,0.88,13.7,4.5,16.9,10.7,15.7,37.1,41.6,13.4,98.24,4.0
383,382,Stanley Johnson,TOR,24,25,19,6,6.0,101.5,96.7,4.8,20.0,1.33,19.8,4.1,16.5,10.5,14.9,43.2,45.4,21.4,105.79,8.5
384,385,Allonzo Trier,NYK,24,24,2,22,12.1,100.0,111.1,-11.1,16.4,1.27,15.9,1.8,7.8,4.6,12.5,57.1,62.0,20.8,102.19,9.2
385,385,Courtney Lee,DAL,34,24,15,9,14.4,116.8,110.1,6.7,4.4,1.09,11.2,1.9,7.0,4.4,10.3,61.6,62.9,11.6,101.35,5.2
386,385,DeMarre Carroll,HOU,33,24,10,14,12.1,105.5,105.5,0.0,11.6,1.47,19.5,4.2,13.8,9.3,13.3,43.9,51.5,14.8,104.90,5.9
387,385,Norvel Pelle,PHI,27,24,12,12,9.7,101.2,116.9,-15.7,4.9,0.44,9.9,8.1,22.0,14.9,22.2,52.1,52.6,13.1,100.67,4.7
388,385,Zion Williamson,NOP,19,24,11,13,27.8,112.0,106.9,5.1,11.9,0.85,9.1,9.2,11.4,10.4,10.8,59.2,61.6,29.1,107.01,14.1
389,390,Isaiah Hartenstein,HOU,22,23,16,7,11.6,113.3,104.6,8.7,9.5,1.13,16.1,10.7,20.0,15.6,14.3,65.7,67.4,14.4,105.37,11.8
390,390,Jake Layman,MIN,26,23,11,12,22.0,106.6,104.6,2.0,4.1,0.63,6.5,3.0,7.5,5.2,10.4,52.0,54.4,16.5,109.70,5.9
391,392,Ante Zizic,CLE,23,22,4,18,10.0,114.2,112.9,1.3,3.8,0.60,6.3,8.4,21.1,14.9,10.5,56.9,59.7,16.8,101.71,10.1
392,392,Cristiano Felicio,CHI,27,22,6,16,17.5,111.1,118.8,-7.7,5.3,0.89,16.3,14.4,13.9,14.2,18.4,63.0,67.1,8.8,99.68,6.7
393,392,Drew Eubanks,SAS,23,22,13,9,12.4,101.5,112.5,-11.0,8.9,0.71,12.9,9.9,20.3,15.1,18.1,64.9,68.2,15.0,107.21,10.4
394,392,Josh Jackson,MEM,23,22,10,12,17.3,108.7,106.2,2.5,12.5,1.25,14.5,2.7,12.8,7.8,11.6,51.3,54.7,21.4,105.89,9.2
395,392,Nicolas Batum,CHA,31,22,6,16,23.0,108.6,111.9,-3.3,17.3,3.00,38.2,4.9,14.6,9.7,12.7,43.2,46.3,9.3,97.67,6.8
396,392,Vincent Poirier,BOS,26,22,18,4,5.9,99.7,106.1,-6.5,8.8,1.00,14.5,9.0,19.5,14.4,14.5,48.6,52.5,14.1,108.38,7.7
397,398,Andre Iguodala,MIA,36,21,10,11,19.9,106.9,108.8,-1.9,18.1,1.96,29.8,4.0,13.2,8.8,15.2,51.1,50.7,12.1,103.94,7.4
398,398,Juwan Morgan,UTA,23,21,12,9,6.4,112.3,100.3,12.0,5.3,1.00,15.0,7.0,12.8,10.0,15.0,63.5,64.8,10.1,105.13,6.1
399,398,Rodney Hood,POR,27,21,8,13,29.5,112.3,111.6,0.6,6.8,1.68,13.6,1.5,9.2,5.4,8.1,60.8,62.5,13.7,103.31,7.4
400,401,David Nwaba,HOU,27,20,8,12,13.4,102.1,94.9,7.2,4.6,1.00,8.0,2.7,10.9,7.1,8.0,60.6,62.7,13.9,104.69,9.8
401,401,Kevon Looney,GSW,24,20,6,14,13.1,92.6,110.9,-18.3,12.0,1.67,17.5,9.8,15.1,12.3,10.5,37.3,40.3,14.7,103.12,5.6
402,401,Kyrie Irving,BKN,28,20,8,12,32.9,112.7,113.1,-0.4,33.1,2.46,20.0,3.2,12.0,7.5,8.1,54.6,59.5,31.8,104.28,16.4
403,401,Rayjon Tucker,UTA,22,20,12,8,8.1,106.3,113.3,-6.9,4.3,0.63,7.6,1.7,11.3,6.1,12.1,50.0,58.4,15.2,103.31,6.8
404,401,Thanasis Antetokounmpo,MIL,27,20,16,4,6.4,97.0,103.8,-6.8,17.4,1.25,18.3,8.5,8.1,8.3,14.6,50.0,49.6,20.2,109.71,6.2
405,406,Evan Turner,MIN,31,19,3,16,13.2,92.2,103.6,-11.4,23.5,1.46,27.9,2.8,10.7,6.7,19.1,37.3,42.4,15.4,107.37,6.2
406,406,John Konchar,MEM,24,19,9,10,9.5,109.7,104.8,4.9,16.1,3.14,33.3,9.3,15.2,12.2,10.6,71.6,71.3,9.7,101.51,13.1
407,406,Melvin Frazier Jr.,ORL,23,19,6,13,6.6,96.7,111.7,-15.0,3.9,0.60,6.8,1.4,6.7,3.8,11.4,55.9,55.9,12.9,104.44,5.4
408,406,Oshae Brissett,TOR,22,19,15,4,7.1,108.1,96.5,11.6,7.4,1.00,12.7,6.3,10.9,8.7,12.7,40.3,45.8,14.5,100.75,4.2
409,406,Victor Oladipo,IND,28,19,11,8,27.8,105.0,106.1,-1.1,15.9,1.19,14.9,1.7,11.6,6.9,12.5,46.1,50.6,25.9,101.47,8.6
410,411,Al-Farouq Aminu,ORL,29,18,7,11,21.1,94.7,100.1,-5.4,8.8,1.24,15.2,5.3,15.8,10.2,12.3,34.3,39.5,12.7,100.15,6.3
411,411,Amile Jefferson,ORL,27,18,5,13,4.1,96.9,88.4,8.5,7.8,1.33,14.3,11.2,16.3,13.6,10.7,35.7,37.2,12.9,101.71,5.1
412,411,Amir Coffey,LAC,23,18,11,7,8.8,104.1,104.6,-0.5,13.9,1.75,17.3,2.5,6.6,4.7,9.9,48.1,49.3,17.4,104.61,4.7
413,411,Blake Griffin,DET,31,18,8,10,28.5,109.3,111.9,-2.6,18.4,1.48,15.1,3.2,12.8,7.9,10.3,40.6,47.6,27.7,98.24,8.4
414,411,Caleb Martin,CHA,24,18,6,12,17.6,103.2,102.4,0.8,12.2,1.53,17.4,3.0,8.6,5.8,11.4,56.0,59.5,15.2,95.85,7.7
415,411,Chimezie Metu,SAS,23,18,8,10,5.8,100.4,107.2,-6.7,16.4,1.00,14.7,10.3,18.6,14.4,14.7,57.1,60.8,21.8,103.04,15.7
416,411,Garrison Mathews,WAS,23,18,8,10,12.6,111.8,104.7,7.1,6.3,1.25,11.6,2.5,7.5,5.0,9.3,59.8,69.1,13.7,103.85,7.8
417,411,Yuta Watanabe,MEM,25,18,9,9,5.8,103.1,99.1,4.0,6.6,2.50,11.1,5.9,11.8,8.7,4.4,48.5,48.0,14.9,103.31,7.0
418,419,Alize Johnson,IND,24,17,10,7,6.9,107.3,98.4,8.9,7.5,1.00,14.9,12.2,24.1,18.2,14.9,46.6,50.9,13.3,105.60,9.8
419,419,Keldon Johnson,SAS,20,17,8,9,17.7,114.7,103.4,11.3,6.6,1.15,10.9,3.3,14.6,9.2,9.5,66.9,71.1,16.4,108.34,11.2
420,419,Ryan Broekhoff,PHI,29,17,10,7,10.6,115.5,113.4,2.1,8.3,1.83,13.9,2.5,20.2,11.2,7.6,54.2,56.8,15.5,103.40,8.4
421,422,Dragan Bender,GSW,22,16,10,6,17.8,105.9,104.8,1.1,14.2,1.33,19.0,6.0,18.3,12.6,14.3,52.7,54.5,18.0,103.13,7.9
422,422,Jalen McDaniels,CHA,22,16,7,9,18.3,105.3,108.8,-3.6,6.9,1.18,12.9,5.0,17.2,11.0,10.9,53.6,57.4,13.1,96.06,7.5
423,424,Jaylen Nowell,MIN,20,15,2,13,10.1,99.7,98.5,1.2,19.4,6.33,23.2,1.6,6.5,3.8,3.7,38.7,47.1,16.5,107.46,8.0
424,424,Johnathan Williams,WAS,25,15,7,8,12.0,101.3,112.9,-11.6,6.4,1.60,15.1,11.9,21.5,16.5,9.4,55.9,56.6,10.0,99.86,10.3
425,424,Nicolas Claxton,BKN,21,15,5,10,12.5,94.1,109.7,-15.6,14.2,1.78,19.5,9.0,11.2,10.1,11.0,57.3,57.7,14.4,105.20,9.2
426,427,Alen Smailagic,GSW,19,14,1,13,9.9,106.2,109.2,-3.0,13.3,1.18,18.1,7.7,11.0,9.5,15.3,53.8,61.0,17.5,104.89,8.9
427,427,Otto Porter Jr.,CHI,27,14,5,9,23.6,110.2,107.0,3.2,11.3,2.27,13.4,3.6,10.8,7.0,5.9,52.9,55.0,20.1,102.09,9.5
428,427,Tyrone Wallace,ATL,26,14,3,11,11.5,93.9,102.3,-8.3,12.3,1.30,17.3,1.6,12.3,6.5,13.3,33.0,38.9,15.4,104.30,3.2
429,427,Vlatko Cancar,DEN,23,14,7,7,3.2,104.1,110.1,-6.0,8.6,1.00,13.0,10.9,11.9,11.4,13.0,43.3,50.7,17.7,103.57,5.2
430,431,DaQuan Jeffries,SAC,22,13,4,9,10.9,112.9,109.8,3.0,6.0,3.50,13.5,2.1,10.5,6.3,3.8,56.3,58.6,12.9,109.70,5.6
431,431,Iman Shumpert,BKN,30,13,9,4,18.5,97.2,106.2,-9.0,7.8,1.20,13.5,3.5,9.2,6.4,11.2,39.1,40.3,13.4,99.83,3.9
432,431,Jaylen Hoard,POR,21,13,7,6,7.9,112.1,109.1,3.0,5.4,1.00,8.9,11.1,15.8,13.3,8.9,46.9,50.4,15.3,103.22,8.8
433,431,Johnathan Motley,LAC,25,13,8,5,3.2,111.1,105.4,5.7,30.8,1.60,25.8,7.7,18.9,13.2,16.1,76.7,77.4,23.5,106.16,17.2
434,431,Juan Toscano-Anderson,GSW,27,13,3,10,20.9,99.5,111.5,-12.0,14.4,1.63,24.3,3.1,16.3,9.3,15.0,52.4,52.9,12.5,100.55,7.4
435,431,Marvin Bagley III,SAC,21,13,2,11,25.7,102.0,114.6,-12.6,5.0,0.56,4.8,8.2,20.1,14.0,8.7,47.9,51.2,24.8,101.48,9.7
436,431,Michael Frazier,HOU,26,13,7,6,11.1,94.2,110.2,-16.0,2.1,0.40,4.7,0.6,6.7,3.3,11.6,31.0,38.4,11.5,109.73,-2.4
437,431,Tyler Cook,DEN,22,13,3,10,4.2,107.9,117.6,-9.8,3.1,0.33,5.0,10.3,14.8,12.5,15.0,66.7,74.1,15.0,103.42,10.1
438,439,Dean Wade,CLE,23,12,1,11,6.0,107.0,113.5,-6.5,3.9,0.67,11.1,3.8,21.3,12.3,16.7,76.9,74.4,9.1,105.19,8.9
439,439,Mfiondu Kabengele,LAC,22,12,9,3,5.4,104.4,103.6,0.8,5.0,1.00,5.3,1.7,15.9,8.9,5.3,57.8,61.4,24.2,101.34,11.2
440,441,Adam Mokoka,CHI,21,11,3,8,10.2,121.4,104.4,17.1,4.3,2.00,11.4,5.7,2.9,4.4,5.7,53.6,53.8,11.0,100.37,2.3
441,441,Antonius Cleveland,DAL,26,11,6,5,4.2,107.4,115.2,-7.8,3.4,0.50,5.3,3.7,12.2,7.4,10.5,28.6,34.0,15.9,101.80,-0.8
442,441,Devon Hall,OKC,24,11,6,5,7.3,98.4,94.6,3.8,21.7,2.60,25.0,1.9,6.0,3.7,9.6,26.7,29.8,18.2,110.58,1.5
443,441,Jarred Vanderbilt,MIN,21,11,6,5,4.2,90.5,113.9,-23.4,5.7,0.29,11.1,6.5,14.3,10.2,38.9,62.5,67.6,13.3,109.85,4.9
444,441,Justise Winslow,MEM,24,11,7,4,32.0,106.2,99.9,6.4,18.3,1.83,21.0,4.3,15.4,9.8,11.4,41.1,44.0,19.0,104.72,7.4
445,441,Quinndary Weatherspoon,SAS,23,11,5,6,7.1,98.4,112.1,-13.7,18.3,2.20,32.4,1.1,7.4,4.1,14.7,32.4,33.6,10.7,112.99,2.1
446,441,Tremont Waters,BOS,22,11,8,3,10.8,107.6,99.2,8.4,19.5,1.07,19.0,0.0,8.9,4.6,17.9,32.7,38.1,23.2,100.94,3.7
447,441,Zach Collins,POR,22,11,8,3,26.4,123.0,116.5,6.5,6.7,1.14,15.7,9.5,14.9,12.3,13.7,52.2,53.8,12.6,100.92,5.4
448,449,BJ Johnson,ORL,24,10,5,5,8.3,96.8,104.9,-8.1,5.9,0.50,6.5,3.3,13.6,8.3,13.0,32.8,41.2,20.1,108.13,5.7
449,449,CJ Miles,WAS,33,10,4,6,16.1,112.3,113.6,-1.3,9.1,3.00,14.6,2.1,5.0,3.4,4.9,41.5,47.2,16.9,109.54,4.8
450,449,Charles Brown Jr.,ATL,23,10,1,9,4.0,106.9,73.0,33.9,7.7,0.67,7.7,4.0,4.8,4.3,11.5,39.5,47.2,23.1,104.41,7.8
451,449,Dion Waiters,LAL,28,10,4,6,20.7,112.2,104.5,7.8,15.6,1.25,14.3,0.9,10.2,5.6,11.4,49.0,52.1,24.3,102.62,7.9
452,449,Jordan Bone,DET,22,10,3,7,5.3,101.8,104.7,-2.9,23.5,4.00,26.7,0.0,9.1,3.9,6.7,30.0,30.0,17.1,98.21,1.1
453,449,Justin Anderson,BKN,26,10,6,4,10.7,106.8,106.8,-0.1,9.9,2.00,15.7,0.8,16.7,8.8,7.8,34.2,35.2,16.2,105.32,2.8
454,449,Kadeem Allen,NYK,27,10,3,7,11.7,106.3,116.4,-10.1,25.9,2.63,27.6,1.6,6.5,3.8,10.5,48.9,51.2,19.1,103.34,8.7
455,449,Kevin Hervey,OKC,23,10,3,7,5.2,72.7,101.7,-28.9,19.2,0.00,15.6,1.2,21.6,8.8,0.0,31.5,31.5,18.9,110.96,6.2
456,449,Louis King,DET,21,10,3,7,6.2,109.4,98.4,11.0,12.5,2.50,17.2,1.5,14.1,7.6,6.9,47.6,44.8,16.3,96.85,4.3
457,449,Miye Oni,UTA,22,10,5,5,10.9,111.4,119.9,-8.6,5.1,1.00,9.5,4.4,12.1,8.0,9.5,48.4,51.2,14.6,100.11,5.3
458,449,Nigel Williams-Goss,UTA,25,10,6,4,5.0,99.1,94.5,4.5,15.8,2.00,23.1,3.7,7.0,5.4,11.5,37.5,41.5,16.1,105.05,4.9
459,449,Paul Watson,TOR,25,10,7,3,8.7,115.8,99.5,16.3,10.7,2.67,19.5,2.0,16.3,8.8,7.3,46.2,51.7,14.2,107.60,9.5
460,461,Donta Hall,BKN,22,9,4,5,14.8,102.5,114.5,-12.0,4.8,0.80,10.3,9.3,19.7,13.9,12.8,68.2,65.2,10.9,101.48,7.1
461,461,Frank Mason,MIL,26,9,6,3,13.1,97.1,98.9,-1.8,37.2,2.64,29.3,3.4,9.7,6.6,11.1,51.0,53.0,22.8,109.70,12.3
462,461,Gabe Vincent,MIA,24,9,5,4,9.2,89.1,105.1,-15.9,12.0,6.00,13.6,0.0,5.3,2.7,2.3,29.7,29.7,19.6,102.30,0.7
463,461,Ignas Brazdeikis,NYK,21,9,1,8,5.9,109.7,116.8,-7.1,11.4,2.00,13.3,3.6,6.8,5.1,6.7,29.5,35.1,21.8,94.65,1.8
464,461,Jarrell Brantley,UTA,24,9,3,6,10.7,90.7,107.7,-17.0,19.3,1.57,23.4,1.9,18.9,9.9,14.9,41.1,41.6,15.5,102.97,7.4
465,461,Jeremiah Martin,BKN,24,9,6,3,11.0,107.4,115.8,-8.4,30.0,4.50,22.2,1.0,8.9,4.9,4.9,50.0,54.1,26.8,104.38,13.3
466,461,Justin Robinson,WAS,22,9,2,7,5.4,110.9,81.0,29.9,19.4,2.33,31.8,2.2,9.8,5.7,13.6,54.2,54.2,13.3,99.08,7.7
467,461,Moses Brown,POR,20,9,4,5,3.6,90.8,141.7,-50.9,4.8,0.33,5.6,7.3,32.4,18.7,16.7,40.0,40.7,20.0,108.15,3.2
468,469,Cameron Payne,PHX,25,8,8,0,22.9,119.6,96.5,23.1,18.2,2.18,22.9,2.3,13.1,8.1,10.5,59.6,61.2,18.2,104.70,10.9
469,469,Josh Magette,ORL,30,8,3,5,4.7,89.7,87.3,2.4,23.8,1.00,19.2,2.2,12.8,7.1,19.2,36.7,37.8,22.6,99.44,5.7
470,469,Jusuf Nurkic,POR,25,8,6,2,31.6,121.5,122.0,-0.5,17.9,1.68,18.4,8.7,24.3,16.2,10.9,50.5,56.7,23.2,102.30,12.4
471,469,Khyri Thomas,DET,24,8,2,6,7.7,93.4,122.1,-28.7,9.7,1.00,12.0,1.2,0.0,0.7,12.0,44.1,45.3,14.9,95.28,-1.3
472,469,Vic Law,ORL,24,8,2,6,7.7,92.6,102.3,-9.7,8.6,1.50,11.5,2.9,14.5,8.5,7.7,36.1,36.3,15.0,102.38,3.1
473,474,Andre Roberson,OKC,28,7,3,4,12.4,89.9,91.1,-1.1,7.4,2.00,11.1,6.5,20.4,13.1,5.6,32.8,33.5,14.5,104.59,5.3
474,474,Bol Bol,DEN,20,7,2,5,12.4,113.6,123.3,-9.8,10.3,0.60,12.5,5.7,17.1,11.2,20.8,57.1,61.7,20.6,98.55,8.2
475,474,Jarrod Uthoff,WAS,27,7,4,3,7.6,106.3,98.2,8.1,0.0,0.00,0.0,3.2,7.4,5.1,0.0,47.2,50.3,14.1,100.70,6.0
476,474,Jonah Bolden,PHX,24,7,6,1,6.7,105.7,108.9,-3.2,0.0,0.00,0.0,6.4,14.0,10.0,13.3,36.4,39.2,13.0,105.07,0.3
477,474,Lance Thomas,BKN,32,7,4,3,14.0,109.3,133.5,-24.2,7.8,1.00,16.7,1.9,14.1,7.0,16.7,43.5,48.5,13.0,101.64,2.0
478,474,Mychal Mulder,GSW,26,7,3,4,29.1,113.3,107.1,6.2,5.3,1.60,9.4,1.6,9.3,5.7,5.9,50.7,53.3,16.5,99.33,5.0
479,474,Tacko Fall,BOS,24,7,5,2,4.6,101.4,88.7,12.7,6.7,0.33,5.3,3.6,32.6,21.1,15.8,78.6,75.1,25.0,103.27,24.1
480,474,Zhaire Smith,PHI,21,7,3,4,4.6,102.8,115.1,-12.3,8.3,1.00,11.8,0.0,8.0,3.1,11.8,27.3,31.3,16.5,107.63,-0.8
481,482,Brian Bowen II,IND,21,6,5,1,5.2,109.2,93.5,15.7,0.0,0.00,0.0,3.2,16.2,10.3,9.1,30.0,30.0,14.3,98.11,1.8
482,482,Dewan Hernandez,TOR,23,6,6,0,4.7,120.3,103.1,17.2,12.5,1.00,13.6,17.2,26.5,22.2,13.6,39.3,43.2,25.7,108.80,7.3
483,482,JR Smith,LAL,34,6,2,4,13.2,101.1,117.9,-16.7,5.6,0.75,10.0,0.0,6.0,3.2,13.3,34.1,37.2,14.4,107.37,0.6
484,482,Jerian Grant,WAS,27,6,1,5,13.4,103.4,107.0,-3.6,16.1,3.00,21.4,2.2,5.6,3.6,7.1,40.7,44.9,16.6,103.05,3.2
485,482,Talen Horton-Tucker,LAL,19,6,2,4,13.5,101.7,111.2,-9.5,10.7,1.00,13.6,2.2,5.6,3.9,13.6,53.3,53.5,18.0,105.58,6.1
486,487,Chandler Parsons,ATL,31,5,0,5,10.8,85.7,114.7,-29.0,10.0,1.00,12.5,1.5,12.0,6.0,12.5,38.9,38.9,15.0,112.87,3.8
487,487,Corey Brewer,SAC,34,5,2,3,6.5,121.6,110.4,11.2,6.3,1.00,22.2,6.1,20.0,12.7,22.2,50.0,47.0,8.5,111.34,3.3
488,487,Henry Ellenson,BKN,23,5,2,3,3.0,81.6,54.3,27.3,12.5,0.00,12.5,11.1,19.0,15.4,0.0,14.3,14.3,15.9,115.90,4.1
489,487,Jalen Lecque,PHX,20,5,2,3,6.3,83.8,104.1,-20.2,11.8,1.00,13.3,0.0,5.7,3.0,13.3,40.0,46.0,18.6,107.84,2.7
490,487,Joakim Noah,LAC,35,5,4,1,10.0,88.8,103.4,-14.6,25.9,1.17,28.0,9.1,16.9,13.3,24.0,50.0,60.8,14.0,111.95,9.9
491,487,Justin Patton,DET,23,5,2,3,4.8,94.8,126.8,-32.0,11.1,1.00,14.3,4.2,17.4,10.6,14.3,45.0,45.0,19.4,112.86,2.9
492,487,KZ Okpala,MIA,21,5,2,3,5.2,86.3,118.0,-31.7,7.7,1.00,14.3,3.8,16.0,9.8,14.3,60.0,59.5,10.2,93.32,10.3
493,487,Kostas Antetokounmpo,LAL,22,5,3,2,4.0,119.6,100.0,19.6,10.0,2.00,28.6,9.5,5.0,7.3,14.3,100,90.2,9.6,112.21,6.9
494,487,Naz Mitrou-Long,IND,26,5,3,2,9.4,99.0,78.8,20.2,25.0,2.67,28.6,0.0,11.9,6.1,10.7,41.2,41.2,17.7,101.43,10.8
495,487,Stephen Curry,GSW,32,5,1,4,27.9,108.5,123.7,-15.3,35.5,2.06,23.2,2.3,16.2,8.4,11.3,47.6,55.7,28.6,109.39,13.3
496,487,Zach Norvell Jr.,GSW,22,5,2,3,8.2,103.3,135.6,-32.3,9.1,1.00,16.7,0.0,20.7,8.6,16.7,37.5,40.2,14.7,107.05,2.6
497,498,Daryl Macon,MIA,24,4,4,0,3.5,78.6,71.0,7.6,14.3,0.50,16.7,0.0,0.0,0.0,33.3,50.0,50.0,16.7,100.43,-2.8
498,498,Joe Chealey,CHA,24,4,1,3,8.4,69.6,93.0,-23.4,6.3,0.50,9.1,0.0,0.0,0.0,18.2,0.0,12.7,12.8,100.45,-4.0
499,498,Josh Reaves,DAL,23,4,2,2,7.1,107.1,91.7,15.5,15.8,0.00,23.1,3.0,6.3,4.6,0.0,33.3,40.5,16.1,98.31,2.4
500,498,Justin Wright-Foreman,UTA,22,4,1,3,11.3,88.5,121.1,-32.5,29.2,2.33,21.9,0.0,12.5,5.4,9.4,40.0,43.7,22.5,101.53,6.5
501,498,Marial Shayok,PHI,24,4,2,2,7.0,93.9,117.2,-23.2,5.3,0.33,5.6,3.3,19.4,11.5,16.7,33.3,40.0,24.3,111.97,1.5
502,498,Matt Mooney,CLE,23,4,0,4,4.7,92.5,75.0,17.5,7.1,0.00,20.0,0.0,15.8,6.5,0.0,25.0,25.0,8.0,102.40,7.5
503,498,Shamorie Ponds,TOR,22,4,4,0,2.6,121.7,127.3,-5.5,40.0,0.00,25.0,0.0,16.7,6.3,0.0,70.0,76.5,22.2,102.05,19.1
504,498,Stanton Kidd,UTA,28,4,3,1,3.8,91.2,88.9,2.3,10.0,0.50,16.7,0.0,15.8,9.1,33.3,0.0,0.0,13.9,109.92,-7.7
505,498,Udonis Haslem,MIA,40,4,3,1,11.0,84.3,104.4,-20.2,4.8,1.00,6.7,2.0,34.9,17.4,6.7,40.9,47.0,14.7,97.35,10.5
506,498,Zylan Cheatham,NOP,24,4,2,2,12.8,97.3,121.2,-23.9,9.4,0.75,18.8,6.3,12.8,9.5,25.0,66.7,66.7,10.3,105.79,3.4
507,508,Chasson Randle,GSW,27,3,2,1,13.5,110.3,112.4,-2.0,16.1,0.00,41.7,0.0,5.3,2.7,0.0,0.0,37.7,8.0,104.54,3.4
508,508,Isaiah Roby,OKC,22,3,2,1,3.8,88.5,100.0,-11.5,0.0,0.00,0.0,0.0,16.7,8.0,50.0,0.0,0.0,7.1,111.58,-2.0
509,508,Jared Harper,NYK,22,3,1,2,2.6,83.3,144.4,-61.1,0.0,0.00,0.0,0.0,0.0,0.0,0.0,25.0,25.0,22.2,109.60,-2.6
510,508,Jeremy Pargo,GSW,34,3,0,3,14.8,112.1,109.7,2.4,30.8,2.00,23.5,2.4,4.8,3.6,11.8,56.8,55.7,26.8,99.66,7.0
511,508,Kyle Guy,SAC,22,3,2,1,3.2,91.7,137.5,-45.8,12.5,0.00,16.7,0.0,9.1,4.5,0.0,40.0,40.0,20.0,120.21,3.8
512,508,Luc Mbah a Moute,HOU,33,3,1,2,8.2,88.7,100.0,-11.3,0.0,0.00,0.0,3.3,3.7,3.5,14.3,40.0,42.5,10.8,120.98,3.4
513,508,Luka Samanic,SAS,20,3,1,2,16.1,105.0,96.2,8.8,18.2,3.00,23.1,2.0,16.7,9.6,7.7,40.6,45.0,17.9,102.11,6.8
514,508,Tariq Owens,PHX,25,3,0,3,5.1,83.9,127.3,-43.4,0.0,0.00,0.0,10.5,6.7,8.8,0.0,20.0,34.0,17.1,99.74,3.1
515,516,Dusty Hannahs,MEM,26,2,0,2,6.7,144.8,127.6,17.2,0.0,0.00,0.0,0.0,6.3,3.2,0.0,55.6,60.7,28.6,103.62,8.0
516,516,Josh Gray,NOP,26,2,1,1,11.4,76.6,91.5,-14.9,15.4,0.40,22.2,5.3,4.0,4.5,55.6,50.0,50.0,13.7,99.31,-2.4
517,516,Kyle Alexander,MIA,23,2,0,2,6.7,87.1,93.8,-6.7,0.0,0.00,0.0,11.1,6.7,9.1,33.3,50.0,50.0,7.9,113.12,2.1
518,516,Max Strus,CHI,24,2,0,2,3.1,193.3,87.5,105.8,0.0,0.00,0.0,16.7,0.0,6.3,0.0,66.7,72.7,15.8,119.36,12.3
519,516,Ryan Anderson,HOU,32,2,1,1,7.0,124.2,103.0,21.2,16.7,2.00,20.0,0.0,46.7,28.0,10.0,35.7,35.7,24.2,113.41,11.5
520,516,Sindarius Thornwell,NOP,25,2,0,2,17.7,121.3,128.8,-7.4,14.3,2.00,21.1,0.0,13.3,7.1,10.5,63.6,62.7,17.6,100.10,9.4
521,516,Tyler Zeller,SAS,30,2,1,1,1.9,111.1,77.8,33.3,0.0,0.00,0.0,30.0,33.3,30.8,0.0,25.0,25.0,26.7,111.48,25.0
522,516,William Howard,HOU,26,2,1,1,6.6,62.1,113.3,-51.3,20.0,1.00,16.7,0.0,25.0,7.7,16.7,0.0,0.0,15.2,106.73,-8.6
523,524,Devontae Cacok,LAL,23,1,0,1,8.9,131.8,109.1,22.7,12.5,0.00,14.3,16.7,33.3,23.8,0.0,50.0,50.0,22.2,119.10,14.7
524,524,Eric Mika,SAC,25,1,0,1,19.0,122.0,102.4,19.5,0.0,0.00,0.0,11.1,26.3,18.9,0.0,66.7,77.3,8.9,103.35,7.7
525,524,J.P. Macura,CLE,25,1,1,0,0.6,150.0,0.0,150.0,0.0,0.00,0.0,0.0,0.0,0.0,0.0,0.0,0.0,0.0,115.51,0.0
526,524,Jamal Crawford,BKN,40,1,1,0,6.0,133.3,106.7,26.7,50.0,0.00,42.9,0.0,0.0,0.0,0.0,62.5,62.5,23.5,120.67,12.2
527,524,Malik Newman,CLE,23,1,0,1,3.7,57.1,87.5,-30.4,0.0,0.00,0.0,0.0,0.0,0.0,25.0,0.0,34.7,57.1,97.74,-15.4
528,524,Marques Bolden,CLE,22,1,0,1,2.8,114.3,57.1,57.1,0.0,0.00,0.0,0.0,50.0,33.3,0.0,0.0,0.0,0.0,119.29,30.8
529,1,Maxi Kleber,,,,,,,,,,,,,,,,,,,,,
530,2,Delon Wright,,,,,,,,,,,,,,,,,,,,,
531,2,Dillon Brooks,,,,,,,,,,,,,,,,,,,,,
532,2,Duncan Robinson,,,,,,,,,,,,,,,,,,,,,
533,2,Justin Holiday,,,,,,,,,,,,,,,,,,,,,
534,2,Mikal Bridges,,,,,,,,,,,,,,,,,,,,,
535,2,Monte Morris,,,,,,,,,,,,,,,,,,,,,
536,2,Nikola Jokic,,,,,,,,,,,,,,,,,,,,,
537,9,Bam Adebayo,,,,,,,,,,,,,,,,,,,,,
538,9,Buddy Hield,,,,,,,,,,,,,,,,,,,,,
539,9,Cory Joseph,,,,,,,,,,,,,,,,,,,,,
540,9,Furkan Korkmaz,,,,,,,,,,,,,,,,,,,,,
541,9,Harrison Barnes,,,,,,,,,,,,,,,,,,,,,
542,9,Ivica Zubac,,,,,,,,,,,,,,,,,,,,,
543,9,Joe Ingles,,,,,,,,,,,,,,,,,,,,,
544,9,Markelle Fultz,,,,,,,,,,,,,,,,,,,,,
545,9,Nemanja Bjelica,,,,,,,,,,,,,,,,,,,,,
546,9,P.J. Tucker,,,,,,,,,,,,,,,,,,,,,
547,9,Terence Davis,,,,,,,,,,,,,,,,,,,,,
548,9,Tobias Harris,,,,,,,,,,,,,,,,,,,,,
549,21,Ben McLemore,,,,,,,,,,,,,,,,,,,,,
550,21,Brad Wanamaker,,,,,,,,,,,,,,,,,,,,,
551,21,Dorian Finney-Smith,,,,,,,,,,,,,,,,,,,,,
552,21,Jerami Grant,,,,,,,,,,,,,,,,,,,,,
553,21,Jordan Clarkson,,,,,,,,,,,,,,,,,,,,,
554,21,Royce O'Neale,,,,,,,,,,,,,,,,,,,,,
555,21,T.J. McConnell,,,,,,,,,,,,,,,,,,,,,
556,21,Tim Hardaway Jr.,,,,,,,,,,,,,,,,,,,,,
557,29,Anfernee Simons,,,,,,,,,,,,,,,,,,,,,
558,29,CJ McCollum,,,,,,,,,,,,,,,,,,,,,
559,29,Chris Paul,,,,,,,,,,,,,,,,,,,,,
560,29,Devin Booker,,,,,,,,,,,,,,,,,,,,,
561,29,Jarrett Allen,,,,,,,,,,,,,,,,,,,,,
562,29,Jonas Valanciunas,,,,,,,,,,,,,,,,,,,,,
563,29,Robert Covington,,,,,,,,,,,,,,,,,,,,,
564,29,Shai Gilgeous-Alexander,,,,,,,,,,,,,,,,,,,,,
565,37,Donovan Mitchell,,,,,,,,,,,,,,,,,,,,,
566,37,Doug McDermott,,,,,,,,,,,,,,,,,,,,,
567,37,Dwight Howard,,,,,,,,,,,,,,,,,,,,,
568,37,Grant Williams,,,,,,,,,,,,,,,,,,,,,
569,37,James Ennis III,,,,,,,,,,,,,,,,,,,,,
570,37,Joe Harris,,,,,,,,,,,,,,,,,,,,,
571,37,Kentavious Caldwell-Pope,,,,,,,,,,,,,,,,,,,,,
572,37,OG Anunoby,,,,,,,,,,,,,,,,,,,,,
573,37,Semi Ojeleye,,,,,,,,,,,,,,,,,,,,,
574,37,Terrence Ross,,,,,,,,,,,,,,,,,,,,,
575,37,Troy Brown Jr.,,,,,,,,,,,,,,,,,,,,,
576,48,Austin Rivers,,,,,,,,,,,,,,,,,,,,,
577,48,Brook Lopez,,,,,,,,,,,,,,,,,,,,,
578,48,Danny Green,,,,,,,,,,,,,,,,,,,,,
579,48,DeMar DeRozan,,,,,,,,,,,,,,,,,,,,,
580,48,Derrick White,,,,,,,,,,,,,,,,,,,,,
581,48,Ish Smith,,,,,,,,,,,,,,,,,,,,,
582,48,JaVale McGee,,,,,,,,,,,,,,,,,,,,,
583,48,James Harden,,,,,,,,,,,,,,,,,,,,,
584,48,Kent Bazemore,,,,,,,,,,,,,,,,,,,,,
585,48,Mike Scott,,,,,,,,,,,,,,,,,,,,,
586,48,Rudy Gobert,,,,,,,,,,,,,,,,,,,,,
587,59,Al Horford,,,,,,,,,,,,,,,,,,,,,
588,59,Hassan Whiteside,,,,,,,,,,,,,,,,,,,,,
589,59,Ja Morant,,,,,,,,,,,,,,,,,,,,,
590,59,Kelly Olynyk,,,,,,,,,,,,,,,,,,,,,
591,59,Kendrick Nunn,,,,,,,,,,,,,,,,,,,,,
592,59,Kyle Anderson,,,,,,,,,,,,,,,,,,,,,
593,59,LeBron James,,,,,,,,,,,,,,,,,,,,,
594,59,Pat Connaughton,,,,,,,,,,,,,,,,,,,,,
595,59,Rudy Gay,,,,,,,,,,,,,,,,,,,,,
596,59,T.J. Warren,,,,,,,,,,,,,,,,,,,,,
597,59,Wesley Matthews,,,,,,,,,,,,,,,,,,,,,
598,70,Aaron Holiday,,,,,,,,,,,,,,,,,,,,,
599,70,Alec Burks,,,,,,,,,,,,,,,,,,,,,
600,70,Bobby Portis,,,,,,,,,,,,,,,,,,,,,
601,70,Damian Lillard,,,,,,,,,,,,,,,,,,,,,
602,70,Dario Saric,,,,,,,,,,,,,,,,,,,,,
603,70,Dejounte Murray,,,,,,,,,,,,,,,,,,,,,
604,70,Donte DiVincenzo,,,,,,,,,,,,,,,,,,,,,
605,70,Evan Fournier,,,,,,,,,,,,,,,,,,,,,
606,70,Georges Niang,,,,,,,,,,,,,,,,,,,,,
607,70,Isaac Bonga,,,,,,,,,,,,,,,,,,,,,
608,70,Jakob Poeltl,,,,,,,,,,,,,,,,,,,,,
609,70,Jayson Tatum,,,,,,,,,,,,,,,,,,,,,
610,70,Langston Galloway,,,,,,,,,,,,,,,,,,,,,
611,70,Patty Mills,,,,,,,,,,,,,,,,,,,,,
612,70,Robin Lopez,,,,,,,,,,,,,,,,,,,,,
613,85,Cedi Osman,,,,,,,,,,,,,,,,,,,,,
614,85,Coby White,,,,,,,,,,,,,,,,,,,,,
615,85,Collin Sexton,,,,,,,,,,,,,,,,,,,,,
616,85,Daniel Theis,,,,,,,,,,,,,,,,,,,,,
617,85,Dennis Schroder,,,,,,,,,,,,,,,,,,,,,
618,85,Jae Crowder,,,,,,,,,,,,,,,,,,,,,
619,85,Josh Hart,,,,,,,,,,,,,,,,,,,,,
620,85,Justin Jackson,,,,,,,,,,,,,,,,,,,,,
621,85,Kevin Knox II,,,,,,,,,,,,,,,,,,,,,
622,85,Lou Williams,,,,,,,,,,,,,,,,,,,,,
623,85,Matisse Thybulle,,,,,,,,,,,,,,,,,,,,,
624,85,Miles Bridges,,,,,,,,,,,,,,,,,,,,,
625,85,Ricky Rubio,,,,,,,,,,,,,,,,,,,,,
626,85,Tomas Satoransky,,,,,,,,,,,,,,,,,,,,,
627,85,Tyus Jones,,,,,,,,,,,,,,,,,,,,,
628,100,Alex Caruso,,,,,,,,,,,,,,,,,,,,,
629,100,Jaxson Hayes,,,,,,,,,,,,,,,,,,,,,
630,100,Julius Randle,,,,,,,,,,,,,,,,,,,,,
631,100,Seth Curry,,,,,,,,,,,,,,,,,,,,,
632,100,Spencer Dinwiddie,,,,,,,,,,,,,,,,,,,,,
633,100,Taurean Prince,,,,,,,,,,,,,,,,,,,,,
634,100,Thaddeus Young,,,,,,,,,,,,,,,,,,,,,
635,107,Bojan Bogdanovic,,,,,,,,,,,,,,,,,,,,,
636,107,Bryn Forbes,,,,,,,,,,,,,,,,,,,,,
637,107,Danuel House Jr.,,,,,,,,,,,,,,,,,,,,,
638,107,De'Andre Hunter,,,,,,,,,,,,,,,,,,,,,
639,107,Devonte' Graham,,,,,,,,,,,,,,,,,,,,,
640,107,Ersan Ilyasova,,,,,,,,,,,,,,,,,,,,,
641,107,Giannis Antetokounmpo,,,,,,,,,,,,,,,,,,,,,
642,107,Gorgui Dieng,,,,,,,,,,,,,,,,,,,,,
643,107,JaMychal Green,,,,,,,,,,,,,,,,,,,,,
644,107,Jarrett Culver,,,,,,,,,,,,,,,,,,,,,
645,107,Jerome Robinson,,,,,,,,,,,,,,,,,,,,,
646,107,Lonzo Ball,,,,,,,,,,,,,,,,,,,,,
647,107,Montrezl Harrell,,,,,,,,,,,,,,,,,,,,,
648,107,Steven Adams,,,,,,,,,,,,,,,,,,,,,
649,107,Terry Rozier,,,,,,,,,,,,,,,,,,,,,
650,107,Trey Lyles,,,,,,,,,,,,,,,,,,,,,
651,123,Aaron Gordon,,,,,,,,,,,,,,,,,,,,,
652,123,Anthony Davis,,,,,,,,,,,,,,,,,,,,,
653,123,Brandon Ingram,,,,,,,,,,,,,,,,,,,,,
654,123,Chris Boucher,,,,,,,,,,,,,,,,,,,,,
655,123,Christian Wood,,,,,,,,,,,,,,,,,,,,,
656,123,Danilo Gallinari,,,,,,,,,,,,,,,,,,,,,
657,123,Domantas Sabonis,,,,,,,,,,,,,,,,,,,,,
658,123,Garrett Temple,,,,,,,,,,,,,,,,,,,,,
659,123,Glenn Robinson III,,,,,,,,,,,,,,,,,,,,,
660,123,Josh Okogie,,,,,,,,,,,,,,,,,,,,,
661,123,Khris Middleton,,,,,,,,,,,,,,,,,,,,,
662,123,Marcus Morris Sr.,,,,,,,,,,,,,,,,,,,,,
663,123,Maurice Harkless,,,,,,,,,,,,,,,,,,,,,
664,123,Mo Bamba,,,,,,,,,,,,,,,,,,,,,
665,123,Myles Turner,,,,,,,,,,,,,,,,,,,,,
666,123,Nikola Vucevic,,,,,,,,,,,,,,,,,,,,,
667,123,Taj Gibson,,,,,,,,,,,,,,,,,,,,,
668,140,Bogdan Bogdanovic,,,,,,,,,,,,,,,,,,,,,
669,140,Darius Bazley,,,,,,,,,,,,,,,,,,,,,
670,140,Eric Bledsoe,,,,,,,,,,,,,,,,,,,,,
671,140,Gary Trent Jr.,,,,,,,,,,,,,,,,,,,,,
672,140,Jrue Holiday,,,,,,,,,,,,,,,,,,,,,
673,140,Kyle Kuzma,,,,,,,,,,,,,,,,,,,,,
674,140,Lonnie Walker IV,,,,,,,,,,,,,,,,,,,,,
675,140,Luka Doncic,,,,,,,,,,,,,,,,,,,,,
676,140,Mason Plumlee,,,,,,,,,,,,,,,,,,,,,
677,140,Mitchell Robinson,,,,,,,,,,,,,,,,,,,,,
678,140,Nerlens Noel,,,,,,,,,,,,,,,,,,,,,
679,151,De'Anthony Melton,,,,,,,,,,,,,,,,,,,,,
680,151,Eric Paschall,,,,,,,,,,,,,,,,,,,,,
681,151,JJ Redick,,,,,,,,,,,,,,,,,,,,,
682,151,Marcus Smart,,,,,,,,,,,,,,,,,,,,,
683,151,Nicolo Melli,,,,,,,,,,,,,,,,,,,,,
684,151,Pascal Siakam,,,,,,,,,,,,,,,,,,,,,
685,151,Rondae Hollis-Jefferson,,,,,,,,,,,,,,,,,,,,,
686,151,Thon Maker,,,,,,,,,,,,,,,,,,,,,
687,151,Trae Young,,,,,,,,,,,,,,,,,,,,,
688,151,Vince Carter,,,,,,,,,,,,,,,,,,,,,
689,151,Zach LaVine,,,,,,,,,,,,,,,,,,,,,
690,162,Darius Garland,,,,,,,,,,,,,,,,,,,,,
691,162,Derrick Jones Jr.,,,,,,,,,,,,,,,,,,,,,
692,162,Frank Jackson,,,,,,,,,,,,,,,,,,,,,
693,162,George Hill,,,,,,,,,,,,,,,,,,,,,
694,162,Goran Dragic,,,,,,,,,,,,,,,,,,,,,
695,162,Jamal Murray,,,,,,,,,,,,,,,,,,,,,
696,162,Jeff Teague,,,,,,,,,,,,,,,,,,,,,
697,162,Marquese Chriss,,,,,,,,,,,,,,,,,,,,,
698,162,Patrick Patterson,,,,,,,,,,,,,,,,,,,,,
699,162,Solomon Hill,,,,,,,,,,,,,,,,,,,,,
700,162,Tony Snell,,,,,,,,,,,,,,,,,,,,,
701,173,Brandon Clarke,,,,,,,,,,,,,,,,,,,,,
702,173,Bruce Brown,,,,,,,,,,,,,,,,,,,,,
703,173,Cam Reddish,,,,,,,,,,,,,,,,,,,,,
704,173,Carmelo Anthony,,,,,,,,,,,,,,,,,,,,,
705,173,Cody Zeller,,,,,,,,,,,,,,,,,,,,,
706,173,Enes Kanter,,,,,,,,,,,,,,,,,,,,,
707,173,Jevon Carter,,,,,,,,,,,,,,,,,,,,,
708,173,Jimmy Butler,,,,,,,,,,,,,,,,,,,,,
709,173,Kyle Korver,,,,,,,,,,,,,,,,,,,,,
710,173,Kyle Lowry,,,,,,,,,,,,,,,,,,,,,
711,173,Markieff Morris,,,,,,,,,,,,,,,,,,,,,
712,173,Marvin Williams,,,,,,,,,,,,,,,,,,,,,
713,173,P.J. Washington,,,,,,,,,,,,,,,,,,,,,
714,173,Ryan Arcidiacono,,,,,,,,,,,,,,,,,,,,,
715,173,Tony Bradley,,,,,,,,,,,,,,,,,,,,,
716,173,Torrey Craig,,,,,,,,,,,,,,,,,,,,,
717,173,Will Barton,,,,,,,,,,,,,,,,,,,,,
718,190,Andre Drummond,,,,,,,,,,,,,,,,,,,,,
719,190,Ben Simmons,,,,,,,,,,,,,,,,,,,,,
720,190,Bradley Beal,,,,,,,,,,,,,,,,,,,,,
721,190,Cameron Johnson,,,,,,,,,,,,,,,,,,,,,
722,190,D.J. Augustin,,,,,,,,,,,,,,,,,,,,,
723,190,Frank Ntilikina,,,,,,,,,,,,,,,,,,,,,
724,190,Jalen Brunson,,,,,,,,,,,,,,,,,,,,,
725,190,Jaren Jackson Jr.,,,,,,,,,,,,,,,,,,,,,
726,190,Jaylen Brown,,,,,,,,,,,,,,,,,,,,,
727,190,Jordan Poole,,,,,,,,,,,,,,,,,,,,,
728,190,Kawhi Leonard,,,,,,,,,,,,,,,,,,,,,
729,190,Kristaps Porzingis,,,,,,,,,,,,,,,,,,,,,
730,190,Marco Belinelli,,,,,,,,,,,,,,,,,,,,,
731,190,Matthew Dellavedova,,,,,,,,,,,,,,,,,,,,,
732,190,Russell Westbrook,,,,,,,,,,,,,,,,,,,,,
733,190,Tristan Thompson,,,,,,,,,,,,,,,,,,,,,
734,206,Bruno Fernando,,,,,,,,,,,,,,,,,,,,,
735,206,DeAndre Jordan,,,,,,,,,,,,,,,,,,,,,
736,206,E'Twaun Moore,,,,,,,,,,,,,,,,,,,,,
737,206,Gary Harris,,,,,,,,,,,,,,,,,,,,,
738,206,Kelly Oubre Jr.,,,,,,,,,,,,,,,,,,,,,
739,206,Kemba Walker,,,,,,,,,,,,,,,,,,,,,
740,206,Kevin Huerter,,,,,,,,,,,,,,,,,,,,,
741,206,Kevin Love,,,,,,,,,,,,,,,,,,,,,
742,206,Larry Nance Jr.,,,,,,,,,,,,,,,,,,,,,
743,206,RJ Barrett,,,,,,,,,,,,,,,,,,,,,
744,206,Rodney McGruder,,,,,,,,,,,,,,,,,,,,,
745,206,Shabazz Napier,,,,,,,,,,,,,,,,,,,,,
746,206,Svi Mykhailiuk,,,,,,,,,,,,,,,,,,,,,
747,206,Terrance Ferguson,,,,,,,,,,,,,,,,,,,,,
748,220,Abdel Nader,,,,,,,,,,,,,,,,,,,,,
749,220,Alex Len,,,,,,,,,,,,,,,,,,,,,
750,220,Anthony Tolliver,,,,,,,,,,,,,,,,,,,,,
751,220,Damian Jones,,,,,,,,,,,,,,,,,,,,,
752,220,Elie Okobo,,,,,,,,,,,,,,,,,,,,,
753,220,Josh Richardson,,,,,,,,,,,,,,,,,,,,,
754,220,Malik Beasley,,,,,,,,,,,,,,,,,,,,,
755,220,Malik Monk,,,,,,,,,,,,,,,,,,,,,
756,220,Michael Porter Jr.,,,,,,,,,,,,,,,,,,,,,
757,220,Serge Ibaka,,,,,,,,,,,,,,,,,,,,,
758,220,Treveon Graham,,,,,,,,,,,,,,,,,,,,,
759,220,Tyler Herro,,,,,,,,,,,,,,,,,,,,,
760,232,Andrew Wiggins,,,,,,,,,,,,,,,,,,,,,
761,232,Davis Bertans,,,,,,,,,,,,,,,,,,,,,
762,232,Emmanuel Mudiay,,,,,,,,,,,,,,,,,,,,,
763,232,Fred VanVleet,,,,,,,,,,,,,,,,,,,,,
764,232,Goga Bitadze,,,,,,,,,,,,,,,,,,,,,
765,232,Malcolm Brogdon,,,,,,,,,,,,,,,,,,,,,
766,232,Raul Neto,,,,,,,,,,,,,,,,,,,,,
767,232,Willie Cauley-Stein,,,,,,,,,,,,,,,,,,,,,
768,240,Bismack Biyombo,,,,,,,,,,,,,,,,,,,,,
769,240,LaMarcus Aldridge,,,,,,,,,,,,,,,,,,,,,
770,240,Landry Shamet,,,,,,,,,,,,,,,,,,,,,
771,240,Mario Hezonja,,,,,,,,,,,,,,,,,,,,,
772,240,Trevor Ariza,,,,,,,,,,,,,,,,,,,,,
773,245,Gordon Hayward,,,,,,,,,,,,,,,,,,,,,
774,245,Norman Powell,,,,,,,,,,,,,,,,,,,,,
775,245,Sterling Brown,,,,,,,,,,,,,,,,,,,,,
776,245,Wes Iwundu,,,,,,,,,,,,,,,,,,,,,
777,249,De'Aaron Fox,,,,,,,,,,,,,,,,,,,,,
778,249,Derrick Favors,,,,,,,,,,,,,,,,,,,,,
779,249,Joel Embiid,,,,,,,,,,,,,,,,,,,,,
780,249,Kris Dunn,,,,,,,,,,,,,,,,,,,,,
781,249,Meyers Leonard,,,,,,,,,,,,,,,,,,,,,
782,249,Patrick Beverley,,,,,,,,,,,,,,,,,,,,,
783,249,Paul Millsap,,,,,,,,,,,,,,,,,,,,,
784,256,Derrick Rose,,,,,,,,,,,,,,,,,,,,,
785,256,Kevin Porter Jr.,,,,,,,,,,,,,,,,,,,,,
786,256,Lauri Markkanen,,,,,,,,,,,,,,,,,,,,,
787,256,Yogi Ferrell,,,,,,,,,,,,,,,,,,,,,
788,260,Avery Bradley,,,,,,,,,,,,,,,,,,,,,
789,260,Damion Lee,,,,,,,,,,,,,,,,,,,,,
790,260,Omari Spellman,,,,,,,,,,,,,,,,,,,,,
791,263,Cody Martin,,,,,,,,,,,,,,,,,,,,,
792,263,Damyean Dotson,,,,,,,,,,,,,,,,,,,,,
793,263,Javonte Green,,,,,,,,,,,,,,,,,,,,,
794,263,Jeff Green,,,,,,,,,,,,,,,,,,,,,
795,263,Juancho Hernangomez,,,,,,,,,,,,,,,,,,,,,
796,263,Khem Birch,,,,,,,,,,,,,,,,,,,,,
797,263,Nassir Little,,,,,,,,,,,,,,,,,,,,,
798,263,Paul George,,,,,,,,,,,,,,,,,,,,,
799,263,Rajon Rondo,,,,,,,,,,,,,,,,,,,,,
800,263,Rui Hachimura,,,,,,,,,,,,,,,,,,,,,
801,273,Cheick Diallo,,,,,,,,,,,,,,,,,,,,,
802,273,Mike Conley,,,,,,,,,,,,,,,,,,,,,
803,273,Mike Muscala,,,,,,,,,,,,,,,,,,,,,
804,273,Nickeil Alexander-Walker,,,,,,,,,,,,,,,,,,,,,
805,273,Rodions Kurucs,,,,,,,,,,,,,,,,,,,,,
806,273,Timothe Luwawu-Cabarrot,,,,,,,,,,,,,,,,,,,,,
807,273,Troy Daniels,,,,,,,,,,,,,,,,,,,,,
808,280,Hamidou Diallo,,,,,,,,,,,,,,,,,,,,,
809,280,Harry Giles III,,,,,,,,,,,,,,,,,,,,,
810,280,Jeremy Lamb,,,,,,,,,,,,,,,,,,,,,
811,280,Thomas Bryant,,,,,,,,,,,,,,,,,,,,,
812,284,Caris LeVert,,,,,,,,,,,,,,,,,,,,,
813,284,D'Angelo Russell,,,,,,,,,,,,,,,,,,,,,
814,284,Elfrid Payton,,,,,,,,,,,,,,,,,,,,,
815,284,Jared Dudley,,,,,,,,,,,,,,,,,,,,,
816,284,Ky Bowman,,,,,,,,,,,,,,,,,,,,,
817,284,Michael Carter-Williams,,,,,,,,,,,,,,,,,,,,,
818,284,Moritz Wagner,,,,,,,,,,,,,,,,,,,,,
819,291,Boban Marjanovic,,,,,,,,,,,,,,,,,,,,,
820,291,Chris Silva,,,,,,,,,,,,,,,,,,,,,
821,291,Dewayne Dedmon,,,,,,,,,,,,,,,,,,,,,
822,291,Keita Bates-Diop,,,,,,,,,,,,,,,,,,,,,
823,291,Marc Gasol,,,,,,,,,,,,,,,,,,,,,
824,291,Marko Guduric,,,,,,,,,,,,,,,,,,,,,
825,291,Quinn Cook,,,,,,,,,,,,,,,,,,,,,
826,291,Richaun Holmes,,,,,,,,,,,,,,,,,,,,,
827,299,Daniel Gafford,,,,,,,,,,,,,,,,,,,,,
828,299,DeAndre' Bembry,,,,,,,,,,,,,,,,,,,,,
829,299,Draymond Green,,,,,,,,,,,,,,,,,,,,,
830,299,Shaquille Harrison,,,,,,,,,,,,,,,,,,,,,
831,299,Wendell Carter Jr.,,,,,,,,,,,,,,,,,,,,,
832,304,Aron Baynes,,,,,,,,,,,,,,,,,,,,,
833,304,Gary Clark,,,,,,,,,,,,,,,,,,,,,
834,306,John Collins,,,,,,,,,,,,,,,,,,,,,
835,306,Matt Thomas,,,,,,,,,,,,,,,,,,,,,
836,306,Terance Mann,,,,,,,,,,,,,,,,,,,,,
837,306,Thabo Sefolosha,,,,,,,,,,,,,,,,,,,,,
838,310,Alfonzo McKinnie,,,,,,,,,,,,,,,,,,,,,
839,310,Dwight Powell,,,,,,,,,,,,,,,,,,,,,
840,310,Dzanan Musa,,,,,,,,,,,,,,,,,,,,,
841,310,Isaiah Thomas,,,,,,,,,,,,,,,,,,,,,
842,310,John Henson,,,,,,,,,,,,,,,,,,,,,
843,310,Shake Milton,,,,,,,,,,,,,,,,,,,,,
844,316,Clint Capela,,,,,,,,,,,,,,,,,,,,,
845,316,Deonte Burton,,,,,,,,,,,,,,,,,,,,,
846,316,Dwayne Bacon,,,,,,,,,,,,,,,,,,,,,
847,316,Frank Kaminsky,,,,,,,,,,,,,,,,,,,,,
848,316,Kenrich Williams,,,,,,,,,,,,,,,,,,,,,
849,316,Tyler Johnson,,,,,,,,,,,,,,,,,,,,,
850,322,Deandre Ayton,,,,,,,,,,,,,,,,,,,,,
851,322,Grayson Allen,,,,,,,,,,,,,,,,,,,,,
852,322,Ian Mahinmi,,,,,,,,,,,,,,,,,,,,,
853,322,Jabari Parker,,,,,,,,,,,,,,,,,,,,,
854,322,Sekou Doumbouya,,,,,,,,,,,,,,,,,,,,,
855,327,Allen Crabbe,,,,,,,,,,,,,,,,,,,,,
856,327,Carsen Edwards,,,,,,,,,,,,,,,,,,,,,
857,327,D.J. Wilson,,,,,,,,,,,,,,,,,,,,,
858,327,Jordan McRae,,,,,,,,,,,,,,,,,,,,,
859,327,Patrick McCaw,,,,,,,,,,,,,,,,,,,,,
860,332,Denzel Valentine,,,,,,,,,,,,,,,,,,,,,
861,332,Eric Gordon,,,,,,,,,,,,,,,,,,,,,
862,332,Justin James,,,,,,,,,,,,,,,,,,,,,
863,332,Luguentz Dort,,,,,,,,,,,,,,,,,,,,,
864,332,Luke Kornet,,,,,,,,,,,,,,,,,,,,,
865,332,Noah Vonleh,,,,,,,,,,,,,,,,,,,,,
866,332,Wayne Ellington,,,,,,,,,,,,,,,,,,,,,
867,339,Dante Exum,,,,,,,,,,,,,,,,,,,,,
868,339,Karl-Anthony Towns,,,,,,,,,,,,,,,,,,,,,
869,339,Wilson Chandler,,,,,,,,,,,,,,,,,,,,,
870,342,Brandon Goodwin,,,,,,,,,,,,,,,,,,,,,
871,342,Dennis Smith Jr.,,,,,,,,,,,,,,,,,,,,,
872,342,JaKarr Sampson,,,,,,,,,,,,,,,,,,,,,
873,342,Jonathan Isaac,,,,,,,,,,,,,,,,,,,,,
874,346,Admiral Schofield,,,,,,,,,,,,,,,,,,,,,
875,346,Chris Clemons,,,,,,,,,,,,,,,,,,,,,
876,346,Skal Labissiere,,,,,,,,,,,,,,,,,,,,,
877,346,Theo Pinson,,,,,,,,,,,,,,,,,,,,,
878,346,Trey Burke,,,,,,,,,,,,,,,,,,,,,
879,351,James Johnson,,,,,,,,,,,,,,,,,,,,,
880,351,Romeo Langford,,,,,,,,,,,,,,,,,,,,,
881,353,Edmond Sumner,,,,,,,,,,,,,,,,,,,,,
882,353,Kelan Martin,,,,,,,,,,,,,,,,,,,,,
883,353,Reggie Jackson,,,,,,,,,,,,,,,,,,,,,
884,353,Ty Jerome,,,,,,,,,,,,,,,,,,,,,
885,353,Willy Hernangomez,,,,,,,,,,,,,,,,,,,,,
886,358,Bruno Caboclo,,,,,,,,,,,,,,,,,,,,,
887,358,Jahlil Okafor,,,,,,,,,,,,,,,,,,,,,
888,358,Jordan McLaughlin,,,,,,,,,,,,,,,,,,,,,
889,358,Naz Reid,,,,,,,,,,,,,,,,,,,,,
890,358,Wenyen Gabriel,,,,,,,,,,,,,,,,,,,,,
891,363,Gary Payton II,,,,,,,,,,,,,,,,,,,,,
892,363,J.J. Barea,,,,,,,,,,,,,,,,,,,,,
893,363,Jacob Evans,,,,,,,,,,,,,,,,,,,,,
894,363,Jordan Bell,,,,,,,,,,,,,,,,,,,,,
895,363,Kyle O'Quinn,,,,,,,,,,,,,,,,,,,,,
896,363,PJ Dozier,,,,,,,,,,,,,,,,,,,,,
897,363,Reggie Bullock,,,,,,,,,,,,,,,,,,,,,
898,363,Robert Williams III,,,,,,,,,,,,,,,,,,,,,
899,371,Chandler Hutchison,,,,,,,,,,,,,,,,,,,,,
900,371,Chris Chiozza,,,,,,,,,,,,,,,,,,,,,
901,371,Ed Davis,,,,,,,,,,,,,,,,,,,,,
902,371,Luke Kennard,,,,,,,,,,,,,,,,,,,,,
903,371,Malcolm Miller,,,,,,,,,,,,,,,,,,,,,
904,371,TJ Leaf,,,,,,,,,,,,,,,,,,,,,
905,377,Anzejs Pasecniks,,,,,,,,,,,,,,,,,,,,,
906,377,Caleb Swanigan,,,,,,,,,,,,,,,,,,,,,
907,377,Tim Frazier,,,,,,,,,,,,,,,,,,,,,
908,380,Derrick Walton Jr.,,,,,,,,,,,,,,,,,,,,,
909,380,Tyson Chandler,,,,,,,,,,,,,,,,,,,,,
910,382,Brandon Knight,,,,,,,,,,,,,,,,,,,,,
911,382,Michael Kidd-Gilchrist,,,,,,,,,,,,,,,,,,,,,
912,382,Stanley Johnson,,,,,,,,,,,,,,,,,,,,,
913,385,Allonzo Trier,,,,,,,,,,,,,,,,,,,,,
914,385,Courtney Lee,,,,,,,,,,,,,,,,,,,,,
915,385,DeMarre Carroll,,,,,,,,,,,,,,,,,,,,,
916,385,Norvel Pelle,,,,,,,,,,,,,,,,,,,,,
917,385,Zion Williamson,,,,,,,,,,,,,,,,,,,,,
918,390,Isaiah Hartenstein,,,,,,,,,,,,,,,,,,,,,
919,390,Jake Layman,,,,,,,,,,,,,,,,,,,,,
920,392,Ante Zizic,,,,,,,,,,,,,,,,,,,,,
921,392,Cristiano Felicio,,,,,,,,,,,,,,,,,,,,,
922,392,Drew Eubanks,,,,,,,,,,,,,,,,,,,,,
923,392,Josh Jackson,,,,,,,,,,,,,,,,,,,,,
924,392,Nicolas Batum,,,,,,,,,,,,,,,,,,,,,
925,392,Vincent Poirier,,,,,,,,,,,,,,,,,,,,,
926,398,Andre Iguodala,,,,,,,,,,,,,,,,,,,,,
927,398,Juwan Morgan,,,,,,,,,,,,,,,,,,,,,
928,398,Rodney Hood,,,,,,,,,,,,,,,,,,,,,
929,401,David Nwaba,,,,,,,,,,,,,,,,,,,,,
930,401,Kevon Looney,,,,,,,,,,,,,,,,,,,,,
931,401,Kyrie Irving,,,,,,,,,,,,,,,,,,,,,
932,401,Rayjon Tucker,,,,,,,,,,,,,,,,,,,,,
933,401,Thanasis Antetokounmpo,,,,,,,,,,,,,,,,,,,,,
934,406,Evan Turner,,,,,,,,,,,,,,,,,,,,,
935,406,John Konchar,,,,,,,,,,,,,,,,,,,,,
936,406,Melvin Frazier Jr.,,,,,,,,,,,,,,,,,,,,,
937,406,Oshae Brissett,,,,,,,,,,,,,,,,,,,,,
938,406,Victor Oladipo,,,,,,,,,,,,,,,,,,,,,
939,411,Al-Farouq Aminu,,,,,,,,,,,,,,,,,,,,,
940,411,Amile Jefferson,,,,,,,,,,,,,,,,,,,,,
941,411,Amir Coffey,,,,,,,,,,,,,,,,,,,,,
942,411,Blake Griffin,,,,,,,,,,,,,,,,,,,,,
943,411,Caleb Martin,,,,,,,,,,,,,,,,,,,,,
944,411,Chimezie Metu,,,,,,,,,,,,,,,,,,,,,
945,411,Garrison Mathews,,,,,,,,,,,,,,,,,,,,,
946,411,Yuta Watanabe,,,,,,,,,,,,,,,,,,,,,
947,419,Alize Johnson,,,,,,,,,,,,,,,,,,,,,
948,419,Keldon Johnson,,,,,,,,,,,,,,,,,,,,,
949,419,Ryan Broekhoff,,,,,,,,,,,,,,,,,,,,,
950,422,Dragan Bender,,,,,,,,,,,,,,,,,,,,,
951,422,Jalen McDaniels,,,,,,,,,,,,,,,,,,,,,
952,424,Jaylen Nowell,,,,,,,,,,,,,,,,,,,,,
953,424,Johnathan Williams,,,,,,,,,,,,,,,,,,,,,
954,424,Nicolas Claxton,,,,,,,,,,,,,,,,,,,,,
955,427,Alen Smailagic,,,,,,,,,,,,,,,,,,,,,
956,427,Otto Porter Jr.,,,,,,,,,,,,,,,,,,,,,
957,427,Tyrone Wallace,,,,,,,,,,,,,,,,,,,,,
958,427,Vlatko Cancar,,,,,,,,,,,,,,,,,,,,,
959,431,DaQuan Jeffries,,,,,,,,,,,,,,,,,,,,,
960,431,Iman Shumpert,,,,,,,,,,,,,,,,,,,,,
961,431,Jaylen Hoard,,,,,,,,,,,,,,,,,,,,,
962,431,Johnathan Motley,,,,,,,,,,,,,,,,,,,,,
963,431,Juan Toscano-Anderson,,,,,,,,,,,,,,,,,,,,,
964,431,Marvin Bagley III,,,,,,,,,,,,,,,,,,,,,
965,431,Michael Frazier,,,,,,,,,,,,,,,,,,,,,
966,431,Tyler Cook,,,,,,,,,,,,,,,,,,,,,
967,439,Dean Wade,,,,,,,,,,,,,,,,,,,,,
968,439,Mfiondu Kabengele,,,,,,,,,,,,,,,,,,,,,
969,441,Adam Mokoka,,,,,,,,,,,,,,,,,,,,,
970,441,Antonius Cleveland,,,,,,,,,,,,,,,,,,,,,
971,441,Devon Hall,,,,,,,,,,,,,,,,,,,,,
972,441,Jarred Vanderbilt,,,,,,,,,,,,,,,,,,,,,
973,441,Justise Winslow,,,,,,,,,,,,,,,,,,,,,
974,441,Quinndary Weatherspoon,,,,,,,,,,,,,,,,,,,,,
975,441,Tremont Waters,,,,,,,,,,,,,,,,,,,,,
976,441,Zach Collins,,,,,,,,,,,,,,,,,,,,,
977,449,BJ Johnson,,,,,,,,,,,,,,,,,,,,,
978,449,CJ Miles,,,,,,,,,,,,,,,,,,,,,
979,449,Charles Brown Jr.,,,,,,,,,,,,,,,,,,,,,
980,449,Dion Waiters,,,,,,,,,,,,,,,,,,,,,
981,449,Jordan Bone,,,,,,,,,,,,,,,,,,,,,
982,449,Justin Anderson,,,,,,,,,,,,,,,,,,,,,
983,449,Kadeem Allen,,,,,,,,,,,,,,,,,,,,,
984,449,Kevin Hervey,,,,,,,,,,,,,,,,,,,,,
985,449,Louis King,,,,,,,,,,,,,,,,,,,,,
986,449,Miye Oni,,,,,,,,,,,,,,,,,,,,,
987,449,Nigel Williams-Goss,,,,,,,,,,,,,,,,,,,,,
988,449,Paul Watson,,,,,,,,,,,,,,,,,,,,,
989,461,Donta Hall,,,,,,,,,,,,,,,,,,,,,
990,461,Frank Mason,,,,,,,,,,,,,,,,,,,,,
991,461,Gabe Vincent,,,,,,,,,,,,,,,,,,,,,
992,461,Ignas Brazdeikis,,,,,,,,,,,,,,,,,,,,,
993,461,Jarrell Brantley,,,,,,,,,,,,,,,,,,,,,
994,461,Jeremiah Martin,,,,,,,,,,,,,,,,,,,,,
995,461,Justin Robinson,,,,,,,,,,,,,,,,,,,,,
996,461,Moses Brown,,,,,,,,,,,,,,,,,,,,,
997,469,Cameron Payne,,,,,,,,,,,,,,,,,,,,,
998,469,Josh Magette,,,,,,,,,,,,,,,,,,,,,
999,469,Jusuf Nurkic,,,,,,,,,,,,,,,,,,,,,
1000,469,Khyri Thomas,,,,,,,,,,,,,,,,,,,,,
1001,469,Vic Law,,,,,,,,,,,,,,,,,,,,,
1002,474,Andre Roberson,,,,,,,,,,,,,,,,,,,,,
1003,474,Bol Bol,,,,,,,,,,,,,,,,,,,,,
1004,474,Jarrod Uthoff,,,,,,,,,,,,,,,,,,,,,
1005,474,Jonah Bolden,,,,,,,,,,,,,,,,,,,,,
1006,474,Lance Thomas,,,,,,,,,,,,,,,,,,,,,
1007,474,Mychal Mulder,,,,,,,,,,,,,,,,,,,,,
1008,474,Tacko Fall,,,,,,,,,,,,,,,,,,,,,
1009,474,Zhaire Smith,,,,,,,,,,,,,,,,,,,,,
1010,482,Brian Bowen II,,,,,,,,,,,,,,,,,,,,,
1011,482,Dewan Hernandez,,,,,,,,,,,,,,,,,,,,,
1012,482,JR Smith,,,,,,,,,,,,,,,,,,,,,
1013,482,Jerian Grant,,,,,,,,,,,,,,,,,,,,,
1014,482,Talen Horton-Tucker,,,,,,,,,,,,,,,,,,,,,
1015,487,Chandler Parsons,,,,,,,,,,,,,,,,,,,,,
1016,487,Corey Brewer,,,,,,,,,,,,,,,,,,,,,
1017,487,Henry Ellenson,,,,,,,,,,,,,,,,,,,,,
1018,487,Jalen Lecque,,,,,,,,,,,,,,,,,,,,,
1019,487,Joakim Noah,,,,,,,,,,,,,,,,,,,,,
1020,487,Justin Patton,,,,,,,,,,,,,,,,,,,,,
1021,487,KZ Okpala,,,,,,,,,,,,,,,,,,,,,
1022,487,Kostas Antetokounmpo,,,,,,,,,,,,,,,,,,,,,
1023,487,Naz Mitrou-Long,,,,,,,,,,,,,,,,,,,,,
1024,487,Stephen Curry,,,,,,,,,,,,,,,,,,,,,
1025,487,Zach Norvell Jr.,,,,,,,,,,,,,,,,,,,,,
1026,498,Daryl Macon,,,,,,,,,,,,,,,,,,,,,
1027,498,Joe Chealey,,,,,,,,,,,,,,,,,,,,,
1028,498,Josh Reaves,,,,,,,,,,,,,,,,,,,,,
1029,498,Justin Wright-Foreman,,,,,,,,,,,,,,,,,,,,,
1030,498,Marial Shayok,,,,,,,,,,,,,,,,,,,,,
1031,498,Matt Mooney,,,,,,,,,,,,,,,,,,,,,
1032,498,Shamorie Ponds,,,,,,,,,,,,,,,,,,,,,
1033,498,Stanton Kidd,,,,,,,,,,,,,,,,,,,,,
1034,498,Udonis Haslem,,,,,,,,,,,,,,,,,,,,,
1035,498,Zylan Cheatham,,,,,,,,,,,,,,,,,,,,,
1036,508,Chasson Randle,,,,,,,,,,,,,,,,,,,,,
1037,508,Isaiah Roby,,,,,,,,,,,,,,,,,,,,,
1038,508,Jared Harper,,,,,,,,,,,,,,,,,,,,,
1039,508,Jeremy Pargo,,,,,,,,,,,,,,,,,,,,,
1040,508,Kyle Guy,,,,,,,,,,,,,,,,,,,,,
1041,508,Luc Mbah a Moute,,,,,,,,,,,,,,,,,,,,,
1042,508,Luka Samanic,,,,,,,,,,,,,,,,,,,,,
1043,508,Tariq Owens,,,,,,,,,,,,,,,,,,,,,
1044,516,Dusty Hannahs,,,,,,,,,,,,,,,,,,,,,
1045,516,Josh Gray,,,,,,,,,,,,,,,,,,,,,
1046,516,Kyle Alexander,,,,,,,,,,,,,,,,,,,,,
1047,516,Max Strus,,,,,,,,,,,,,,,,,,,,,
1048,516,Ryan Anderson,,,,,,,,,,,,,,,,,,,,,
1049,516,Sindarius Thornwell,,,,,,,,,,,,,,,,,,,,,
1050,516,Tyler Zeller,,,,,,,,,,,,,,,,,,,,,
1051,516,William Howard,,,,,,,,,,,,,,,,,,,,,
1052,524,Devontae Cacok,,,,,,,,,,,,,,,,,,,,,
1053,524,Eric Mika,,,,,,,,,,,,,,,,,,,,,
1054,524,J.P. Macura,,,,,,,,,,,,,,,,,,,,,
1055,524,Jamal Crawford,,,,,,,,,,,,,,,,,,,,,
1056,524,Malik Newman,,,,,,,,,,,,,,,,,,,,,
1057,524,Marques Bolden,,,,,,,,,,,,,,,,,,,,,
