,0,1,2,3,4,5,6,7,8,9,10,11,12,13,14,15,16,17,18
0,Aaron Gordon,ORL,62,30,32,32.5,14.4,53.0,29.4,2.5,2.88,1.91,0.272,1.8,3.2,4.3,0.391,0.551,0.981
1,Aaron Holiday,IND,66,42,24,24.5,9.5,41.4,18.0,3.0,4.35,4.17,0.230,0.1,0.0,0.3,1.000,0.000,0.591
2,Abdel Nader,OKC,55,37,18,15.8,6.3,15.6,11.1,0.5,2.05,1.41,0.402,0.2,0.0,0.4,0.769,0.000,0.900
3,Adam Mokoka,CHI,11,3,8,10.2,2.9,10.2,7.1,0.2,1.47,0.83,0.286,0.2,0.0,0.8,0.000,0.000,0.222
4,Admiral Schofield,WAS,33,9,24,11.2,3.0,15.7,8.3,0.4,1.40,0.51,0.191,0.2,0.2,0.6,0.800,1.333,0.632
5,Al Horford,PHI,67,39,28,30.2,11.9,55.1,35.9,1.7,1.81,0.63,0.216,5.2,4.3,3.7,0.167,0.563,0.715
6,Al-Farouq Aminu,ORL,18,7,11,21.1,4.3,36.3,16.3,1.2,1.91,0.88,0.119,0.7,1.0,1.9,0.833,0.111,0.559
7,Alec Burks,PHI,66,21,45,26.6,15.0,51.8,28.4,3.1,3.55,2.92,0.290,0.7,0.4,1.0,0.778,1.000,1.091
8,Alen Smailagic,GSW,14,1,13,9.9,4.2,13.8,8.6,0.5,2.27,1.02,0.306,0.4,1.3,1.4,0.400,0.611,0.947
9,Alex Caruso,LAL,64,48,16,18.4,5.5,31.2,13.5,1.8,3.45,2.85,0.175,0.4,0.0,0.8,0.769,0.000,0.510
10,Alex Len,SAC,54,18,36,17.7,7.8,31.2,17.0,0.8,1.52,0.52,0.251,2.3,0.8,5.4,0.536,0.585,0.955
11,Alfonzo McKinnie,CLE,40,11,29,14.8,4.6,17.2,9.3,0.5,1.77,0.91,0.265,0.3,0.1,1.5,0.900,0.000,0.897
12,Alize Johnson,IND,17,10,7,6.9,2.0,9.5,4.6,0.3,1.84,0.71,0.210,0.3,0.1,1.2,0.400,0.000,0.619
13,Allen Crabbe,MIN,37,5,32,17.6,4.6,19.1,13.5,0.5,1.43,0.57,0.244,0.2,0.0,0.4,0.875,0.000,0.846
14,Allonzo Trier,NYK,24,2,22,12.1,6.5,19.3,11.3,1.3,3.98,3.30,0.335,0.2,0.0,0.2,0.000,0.000,1.000
15,Amile Jefferson,ORL,18,5,13,4.1,0.8,6.2,2.7,0.2,1.89,0.62,0.134,0.2,0.2,0.8,0.750,0.000,0.214
16,Amir Coffey,LAC,18,11,7,8.8,3.2,11.1,6.4,0.7,3.60,2.88,0.290,0.1,0.0,0.3,2.000,0.000,0.400
17,Andre Drummond,CLE,56,21,35,32.9,17.6,63.9,36.5,2.5,2.33,1.32,0.276,5.5,4.7,11.7,0.484,0.690,0.919
18,Andre Iguodala,MIA,20,10,10,19.8,4.7,30.8,16.0,1.4,2.76,1.71,0.153,0.9,0.7,1.7,0.444,0.000,0.676
19,Andre Roberson,OKC,7,3,4,12.4,2.9,15.9,9.9,0.5,1.76,0.87,0.180,0.1,0.1,1.4,2.000,0.000,0.600
20,Andrew Wiggins,GSW,54,15,39,34.4,21.8,65.7,41.0,4.1,3.70,2.94,0.331,0.8,1.0,2.3,0.705,0.607,0.903
21,Anfernee Simons,POR,70,32,38,20.7,8.3,30.5,13.4,2.0,3.88,3.36,0.271,0.2,0.0,0.5,0.417,0.000,0.813
22,Ante Zizic,CLE,22,4,18,10.0,4.4,13.8,7.7,0.4,1.63,0.48,0.317,1.7,1.2,3.7,0.579,0.769,0.976
23,Anthony Davis,LAL,62,46,16,34.4,26.1,64.1,42.0,2.5,2.34,1.11,0.407,3.3,8.8,7.4,0.645,0.506,1.100
24,Anthony Tolliver,MEM,55,24,31,15.9,3.6,19.0,10.5,0.4,1.39,0.31,0.192,0.5,0.1,0.9,0.133,0.000,0.520
25,Antonius Cleveland,DAL,11,6,5,4.2,1.0,4.3,2.4,0.2,2.40,1.74,0.234,0.1,0.0,0.4,0.000,0.000,0.000
26,Anzejs Pasecniks,WAS,27,9,18,16.2,5.8,28.4,16.2,0.7,1.45,0.40,0.203,1.7,0.4,4.0,0.660,0.818,0.935
27,Aron Baynes,PHX,41,19,22,22.3,11.4,35.9,23.4,0.9,1.44,0.33,0.318,2.7,1.2,5.2,0.505,0.813,0.948
28,Austin Rivers,HOU,68,43,25,23.4,8.8,31.8,17.1,1.8,3.33,2.74,0.276,0.2,0.0,0.4,0.462,0.000,0.517
29,Avery Bradley,LAL,49,36,13,24.2,8.6,28.5,19.1,1.0,2.13,1.62,0.303,0.4,0.0,1.2,0.400,0.000,0.814
30,BJ Johnson,ORL,10,5,5,8.3,3.0,8.4,5.5,0.4,3.12,2.13,0.357,0.2,0.0,0.5,0.000,0.000,0.800
31,Bam Adebayo,MIA,71,44,27,33.5,16.0,65.6,39.7,3.0,2.73,1.46,0.243,7.8,3.2,7.9,0.485,0.330,0.839
32,Ben McLemore,HOU,71,44,27,22.8,10.1,26.3,15.8,0.6,1.37,0.55,0.384,0.5,0.0,0.7,0.939,0.000,1.080
33,Ben Simmons,PHI,57,35,22,35.4,16.4,90.5,30.0,7.0,4.66,3.75,0.182,2.9,3.6,5.7,0.449,0.374,0.855
34,Bismack Biyombo,CHA,52,18,34,19.6,7.6,33.3,18.7,0.8,1.44,0.31,0.227,2.6,0.6,7.1,0.485,0.625,0.747
35,Blake Griffin,DET,17,8,9,28.4,15.8,62.3,40.8,2.8,2.74,1.93,0.254,0.9,4.1,2.3,0.500,0.486,0.590
36,Boban Marjanovic,DAL,44,21,23,9.6,6.6,17.3,10.6,0.5,1.60,0.45,0.380,1.3,2.2,4.3,0.517,0.608,1.132
37,Bobby Portis,NYK,66,21,45,21.1,10.1,40.6,23.5,1.2,1.74,0.73,0.249,1.3,3.0,2.6,0.600,0.568,0.746
38,Bogdan Bogdanovic,SAC,60,29,31,28.9,15.3,48.4,30.8,2.6,3.27,2.37,0.315,0.3,0.3,0.8,0.778,0.500,1.000
39,Bojan Bogdanovic,UTA,63,41,22,33.1,20.2,44.4,35.8,1.9,2.54,1.89,0.456,0.4,1.0,0.9,1.038,0.828,1.179
40,Bol Bol,DEN,7,2,5,12.4,5.7,14.1,9.0,0.5,1.93,1.03,0.404,0.1,0.4,2.0,0.000,1.333,0.857
41,Brad Wanamaker,BOS,71,48,23,19.3,6.9,38.7,14.0,2.7,4.21,3.93,0.177,0.3,0.0,0.5,0.333,0.000,0.909
42,Bradley Beal,WAS,57,20,37,36.0,30.5,79.0,54.4,4.5,3.43,2.91,0.386,0.9,0.5,1.4,0.887,0.519,0.797
43,Brandon Clarke,MEM,58,29,29,22.4,12.1,39.1,22.7,0.9,1.43,0.62,0.309,3.1,0.5,5.6,0.695,0.452,1.087
44,Brandon Goodwin,ATL,34,13,21,12.7,6.1,28.2,10.6,2.2,4.77,4.36,0.215,0.2,0.0,0.4,0.500,0.000,0.667
45,Brandon Ingram,NOP,61,25,36,33.8,23.8,65.3,37.3,3.7,3.44,2.52,0.364,0.7,1.2,1.7,0.689,0.437,0.748
46,Brandon Knight,DET,25,4,21,18.5,7.3,35.6,14.2,2.8,4.72,4.73,0.206,0.0,0.0,0.2,0.000,2.000,0.500
47,Brian Bowen II,IND,6,5,1,5.2,1.0,4.8,3.2,0.2,2.17,1.24,0.207,0.0,0.2,0.5,0.000,0.000,0.667
48,Brook Lopez,MIL,67,52,15,26.7,12.0,33.6,22.0,0.8,1.48,0.44,0.356,1.6,2.8,3.0,0.676,0.723,1.049
49,Bruce Brown,DET,57,18,39,28.3,8.9,55.9,22.5,4.2,4.53,4.12,0.160,0.6,0.1,2.2,1.028,0.857,0.811
50,Bruno Caboclo,HOU,30,11,19,8.1,3.0,12.7,7.4,0.3,1.55,0.63,0.236,0.9,0.2,1.6,0.500,0.333,0.714
51,Bruno Fernando,ATL,56,18,38,12.7,4.3,22.2,12.5,0.6,1.52,0.53,0.193,1.3,0.5,3.5,0.486,0.630,0.840
52,Bryn Forbes,SAS,62,26,36,25.2,11.4,28.0,21.8,1.0,2.16,1.33,0.408,0.1,0.0,0.2,0.333,0.000,0.364
53,Buddy Hield,SAC,71,31,40,30.9,19.3,54.9,31.4,3.0,3.27,2.69,0.352,0.4,0.0,1.2,0.516,0.667,0.736
54,CJ McCollum,POR,69,33,36,36.5,22.4,65.5,27.3,5.1,4.64,4.08,0.342,0.3,0.0,0.9,0.870,0.000,0.695
55,CJ Miles,WAS,10,4,6,16.1,6.4,16.8,12.9,0.4,1.57,1.02,0.381,0.4,0.0,0.5,0.000,0.000,0.400
56,Caleb Martin,CHA,18,6,12,17.6,6.2,21.7,16.6,0.8,2.22,1.31,0.285,0.3,0.2,1.0,0.600,0.667,0.778
57,Caleb Swanigan,POR,26,11,15,10.7,2.5,14.9,8.2,0.5,1.87,0.68,0.168,1.2,0.6,2.0,0.563,0.600,0.596
58,Cam Reddish,ATL,58,17,41,26.7,10.5,30.9,18.5,1.5,2.82,2.12,0.340,0.3,0.0,0.8,0.500,0.500,0.818
59,Cameron Johnson,PHX,56,28,28,21.8,8.8,25.5,16.7,0.6,1.51,0.70,0.347,0.6,0.0,1.2,0.588,0.000,0.806
60,Cameron Payne,PHX,8,8,0,22.9,10.9,51.9,17.0,3.6,4.18,3.35,0.210,0.5,0.0,0.8,0.000,0.000,0.333
61,Caris LeVert,BKN,45,21,24,29.6,18.7,55.1,28.5,4.4,4.78,4.50,0.340,1.0,0.6,1.7,0.682,0.462,0.750
62,Carmelo Anthony,POR,57,27,30,32.8,15.4,40.6,25.5,1.6,2.42,1.15,0.380,1.2,5.6,1.8,0.357,0.695,0.814
63,Carsen Edwards,BOS,37,25,12,9.5,3.3,13.5,6.9,0.6,2.84,2.38,0.242,0.0,0.0,0.1,0.000,0.000,0.000
64,Cedi Osman,CLE,65,19,46,29.4,11.0,40.2,28.6,1.8,2.66,1.67,0.275,0.5,0.2,1.1,0.469,0.308,0.648
65,Chandler Hutchison,CHI,28,8,20,18.8,7.8,25.1,14.0,1.0,2.38,1.58,0.310,0.8,0.0,1.5,0.682,0.000,0.634
66,Chandler Parsons,ATL,5,0,5,10.8,2.8,17.0,12.4,0.5,1.71,0.70,0.165,0.0,0.0,0.4,0.000,0.000,1.000
67,Charles Brown Jr.,ATL,10,1,9,4.0,2.0,5.3,3.7,0.2,1.74,1.13,0.377,0.0,0.0,0.3,0.000,0.000,0.000
68,Chasson Randle,GSW,3,2,1,13.5,1.7,17.0,4.3,1.3,4.51,3.94,0.098,0.0,0.0,0.0,0.000,0.000,0.000
69,Cheick Diallo,PHX,47,20,27,10.2,4.7,18.4,9.5,0.5,1.65,0.43,0.253,1.3,0.7,2.7,0.672,0.529,1.016
70,Chimezie Metu,SAS,18,8,10,5.8,3.2,10.4,6.2,0.3,1.77,0.68,0.310,0.9,0.4,1.7,0.500,0.571,0.839
71,Chris Boucher,TOR,62,45,17,13.2,6.6,20.0,11.3,0.5,1.63,0.49,0.332,1.1,0.3,2.9,1.000,0.313,0.896
72,Chris Chiozza,BKN,28,14,14,14.3,5.1,34.0,12.1,2.6,4.55,4.26,0.149,0.1,0.0,0.4,0.000,0.000,0.545
73,Chris Clemons,HOU,33,19,14,8.8,4.9,14.1,5.7,0.9,3.79,3.73,0.346,0.0,0.0,0.3,0.000,0.000,0.444
74,Chris Paul,OKC,70,44,26,31.5,17.6,71.5,28.1,6.2,5.17,4.52,0.246,0.2,0.5,0.5,0.500,0.395,0.485
75,Chris Silva,MIA,43,27,16,7.8,3.0,13.7,6.9,0.4,1.68,0.49,0.219,0.9,0.3,2.5,0.184,0.571,0.835
76,Christian Wood,DET,61,20,41,21.5,13.1,37.8,21.6,1.2,1.90,0.72,0.347,1.9,1.1,4.6,0.876,0.776,1.053
77,Clint Capela,ATL,39,22,17,32.8,13.9,54.6,24.7,1.3,1.38,0.27,0.255,3.9,0.6,12.3,0.503,0.727,0.861
78,Coby White,CHI,65,22,43,25.8,13.2,46.9,23.7,3.1,4.00,3.40,0.282,0.1,0.0,0.4,1.250,0.000,0.458
79,Cody Martin,CHA,48,16,32,18.8,5.0,26.9,16.9,1.2,2.57,1.76,0.185,0.5,0.1,1.2,0.909,0.667,0.911
80,Cody Zeller,CHA,57,18,39,23.2,11.1,47.7,26.6,1.3,1.63,0.63,0.233,3.3,0.9,6.3,0.626,0.469,0.791
81,Collin Sexton,CLE,65,19,46,33.0,20.8,62.5,26.6,4.7,4.47,4.07,0.332,1.1,0.1,1.9,0.843,0.000,0.976
82,Corey Brewer,SAC,5,2,3,6.5,1.0,8.0,4.4,0.2,1.72,1.10,0.125,0.0,0.0,0.4,0.000,0.000,0.500
83,Cory Joseph,SAC,71,31,40,24.5,6.4,46.8,17.8,3.7,4.73,4.81,0.137,0.4,0.1,0.7,0.296,0.222,0.558
84,Courtney Lee,DAL,23,14,9,14.5,4.4,13.9,9.2,0.6,2.58,1.79,0.319,0.0,0.0,0.3,0.000,0.000,0.750
85,Cristiano Felicio,CHI,22,6,16,17.5,3.9,22.8,12.5,0.7,1.73,0.46,0.171,1.1,0.1,3.8,0.520,0.000,0.735
86,D'Angelo Russell,MIN,45,11,34,32.3,23.1,83.1,35.1,6.0,4.30,3.73,0.278,0.6,0.3,0.8,0.640,0.615,0.647
87,D.J. Augustin,ORL,57,28,29,24.9,10.5,54.7,17.6,5.8,6.31,6.71,0.192,0.2,0.0,0.4,0.667,0.000,0.364
88,D.J. Wilson,MIL,37,29,8,9.8,3.6,17.4,9.6,0.5,1.86,0.71,0.207,0.7,0.2,1.0,0.462,0.444,0.750
89,DaQuan Jeffries,SAC,13,4,9,10.9,3.8,13.0,9.0,0.4,1.71,0.83,0.296,0.6,0.0,1.1,0.750,0.000,1.143
90,Damian Jones,ATL,55,15,40,16.1,5.6,19.6,10.9,0.5,1.44,0.33,0.283,1.2,0.1,4.4,0.493,0.250,0.996
91,Damian Lillard,POR,65,32,33,37.5,29.9,84.8,24.7,8.8,6.19,5.69,0.353,0.3,0.1,0.7,0.773,0.444,0.511
92,Damion Lee,GSW,49,12,37,29.0,12.7,48.0,30.4,1.9,2.34,1.70,0.264,0.8,0.1,1.2,0.650,0.500,0.705
93,Damyean Dotson,NYK,48,14,34,17.4,6.7,21.5,16.3,0.8,2.37,1.69,0.311,0.3,0.0,0.2,0.846,0.000,1.333
94,Daniel Gafford,CHI,43,15,28,14.2,5.1,14.7,8.9,0.4,1.57,0.43,0.348,1.5,0.3,3.9,0.453,0.800,1.071
95,Daniel Theis,BOS,65,42,23,24.1,9.2,36.0,25.3,0.9,1.53,0.39,0.257,2.9,0.2,5.6,0.619,0.429,0.967
96,Danilo Gallinari,OKC,62,37,25,29.6,18.7,52.1,34.7,2.1,2.37,1.10,0.359,0.9,3.2,1.5,0.750,0.606,0.925
97,Danny Green,LAL,68,51,17,24.8,8.0,37.6,20.8,1.0,1.62,0.74,0.214,0.5,0.0,1.1,0.419,0.000,0.766
98,Dante Exum,CLE,35,10,25,13.9,4.5,19.3,9.6,1.2,3.60,2.85,0.236,0.2,0.0,0.5,0.857,0.000,0.778
99,Danuel House Jr.,HOU,63,40,23,30.4,10.5,32.2,18.7,0.9,1.62,0.83,0.326,0.7,0.0,1.4,0.591,0.000,0.802
100,Dario Saric,PHX,65,32,33,24.5,10.5,46.0,25.7,1.1,1.50,0.50,0.229,2.5,1.5,4.1,0.519,0.550,0.821
101,Darius Bazley,OKC,61,36,25,18.5,5.6,22.9,11.6,0.8,2.01,1.07,0.245,0.4,0.0,0.8,0.731,0.333,0.761
102,Darius Garland,CLE,59,17,42,30.9,12.3,59.7,22.7,4.8,4.87,4.57,0.207,0.3,0.1,0.5,0.722,0.600,0.556
103,Daryl Macon,MIA,4,4,0,3.5,0.8,5.0,3.0,0.3,4.05,3.50,0.150,0.0,0.0,0.0,0.000,0.000,0.000
104,David Nwaba,HOU,20,8,12,13.4,5.2,10.8,5.9,0.4,2.30,1.53,0.484,0.2,0.1,0.6,1.000,0.000,1.000
105,Davis Bertans,WAS,54,20,34,29.3,15.4,39.0,23.7,1.1,1.63,0.80,0.396,0.4,0.1,1.2,0.826,0.000,0.844
106,De'Aaron Fox,SAC,50,20,30,32.1,21.0,80.6,25.8,7.1,5.26,4.89,0.260,0.4,0.1,0.9,0.571,0.000,0.787
107,De'Andre Hunter,ATL,63,19,44,32.0,12.3,37.7,24.9,1.4,2.29,1.51,0.327,0.5,0.3,1.2,0.800,1.053,1.000
108,De'Anthony Melton,MEM,60,27,33,19.5,7.6,37.8,18.5,2.1,3.28,2.57,0.201,0.5,0.1,1.6,1.111,0.000,0.768
109,DeAndre Jordan,BKN,56,27,29,22.0,8.3,34.9,20.6,0.9,1.53,0.24,0.238,3.0,0.3,6.9,0.240,0.588,1.021
110,DeAndre' Bembry,ATL,43,10,33,21.3,5.8,31.0,15.5,1.8,3.40,2.66,0.187,0.6,0.0,1.5,0.480,0.000,0.968
111,DeMar DeRozan,SAS,67,30,37,34.1,22.2,60.9,32.2,5.0,4.95,4.44,0.364,1.0,1.6,1.1,0.486,0.473,0.716
112,DeMarre Carroll,HOU,24,10,14,12.1,3.6,16.5,8.1,0.6,2.28,1.26,0.220,0.1,0.0,0.5,0.000,0.000,0.417
113,Dean Wade,CLE,12,1,11,6.0,1.7,7.7,3.5,0.2,1.61,0.58,0.217,0.1,0.0,0.8,0.000,0.000,1.333
114,Deandre Ayton,PHX,38,20,18,32.5,18.2,60.3,35.7,1.7,1.66,0.37,0.301,5.9,6.2,13.9,0.436,0.557,0.901
115,Dejounte Murray,SAS,65,28,37,25.5,10.8,56.4,18.8,4.1,4.41,3.97,0.191,0.5,0.1,1.2,0.600,0.000,0.675
116,Delon Wright,DAL,72,41,31,21.5,6.9,42.7,19.4,2.9,4.01,3.48,0.161,0.3,0.0,1.2,0.609,0.000,0.632
117,Dennis Schroder,OKC,65,40,25,30.8,18.9,71.4,34.8,5.0,4.17,3.47,0.265,0.3,0.0,0.6,0.800,0.000,0.811
118,Dennis Smith Jr.,NYK,34,7,27,15.8,5.5,42.1,13.7,3.5,4.93,4.61,0.131,0.1,0.1,0.6,0.000,0.000,0.636
119,Denzel Valentine,CHI,36,12,24,13.6,6.8,20.7,14.2,0.9,2.65,1.94,0.331,0.2,0.0,0.3,0.667,0.000,0.667
120,Deonte Burton,OKC,39,22,17,9.1,2.7,10.3,6.7,0.4,2.19,1.42,0.259,0.2,0.0,0.4,0.444,0.000,0.875
121,Derrick Favors,NOP,50,24,26,24.2,9.0,45.1,24.7,1.0,1.34,0.28,0.199,3.8,1.0,7.3,0.508,0.471,0.858
122,Derrick Jones Jr.,MIA,58,34,24,23.3,8.4,25.0,14.1,0.7,1.61,0.61,0.337,1.0,0.0,3.3,0.733,1.000,1.101
123,Derrick Rose,DET,49,17,32,26.0,18.1,64.6,21.0,6.3,5.85,5.48,0.280,0.3,0.0,0.6,0.533,0.000,0.483
124,Derrick Walton Jr.,DET,26,15,11,9.5,2.0,15.8,6.1,1.0,3.88,3.17,0.129,0.0,0.0,0.1,2.000,0.000,0.667
125,Derrick White,SAS,67,31,36,24.7,11.4,49.6,18.4,3.7,4.51,3.94,0.230,0.3,0.0,0.7,1.000,2.000,0.822
126,Devin Booker,PHX,70,34,36,35.9,26.6,60.2,40.5,4.2,4.22,3.49,0.442,2.6,1.8,2.3,0.558,0.553,0.830
127,Devon Hall,OKC,11,6,5,7.3,1.8,14.6,5.4,1.2,4.72,4.19,0.124,0.0,0.0,0.2,0.000,0.000,0.000
128,Devontae Cacok,LAL,1,0,1,8.9,6.0,12.0,8.0,0.3,1.46,0.83,0.500,0.0,1.0,5.0,0.000,2.000,1.200
129,Devonte' Graham,CHA,62,23,39,35.2,18.2,90.6,35.2,8.2,5.40,4.97,0.201,0.3,0.0,0.5,0.400,0.000,0.345
130,Dewan Hernandez,TOR,6,6,0,4.7,2.3,8.0,5.0,0.3,2.26,0.98,0.292,0.3,0.2,1.3,0.000,0.000,0.750
131,Dewayne Dedmon,ATL,44,17,27,17.6,5.8,26.4,14.0,0.7,1.58,0.36,0.220,1.5,0.6,3.5,0.727,0.571,0.840
132,Dillon Brooks,MEM,73,34,39,28.9,16.2,42.8,30.3,1.9,2.69,1.69,0.378,0.5,0.2,1.1,0.758,0.714,0.716
133,Dion Waiters,LAL,10,4,6,20.7,11.1,33.1,12.8,2.4,4.43,3.78,0.335,0.0,0.0,0.1,0.000,0.000,0.000
134,Domantas Sabonis,IND,62,37,25,34.8,18.5,88.0,51.8,2.7,1.83,0.78,0.210,8.5,6.1,8.4,0.600,0.422,0.801
135,Donovan Mitchell,UTA,69,43,26,34.3,24.0,68.1,31.2,5.7,5.02,4.46,0.352,0.3,0.0,1.1,0.476,0.000,0.863
136,Donta Hall,BKN,9,4,5,14.8,4.3,19.9,12.7,0.6,1.75,0.44,0.218,2.4,0.4,3.7,0.318,0.000,0.788
137,Donte DiVincenzo,MIL,65,52,13,23.0,9.3,40.0,19.4,1.8,2.65,1.90,0.232,0.5,0.0,1.6,0.903,0.000,0.743
138,Dorian Finney-Smith,DAL,69,38,31,30.1,9.7,37.4,22.6,1.1,1.82,0.82,0.259,0.7,0.1,2.7,0.638,1.000,0.781
139,Doug McDermott,IND,69,43,26,19.9,10.3,24.1,19.5,0.5,1.33,0.51,0.426,0.4,0.0,1.1,1.111,0.000,1.237
140,Dragan Bender,GSW,15,9,6,18.7,7.1,38.3,22.8,0.9,1.35,0.35,0.186,0.9,0.9,2.8,0.929,0.429,0.810
141,Draymond Green,GSW,43,10,33,28.4,8.0,70.2,33.1,3.1,2.64,1.82,0.114,1.6,2.8,1.6,0.290,0.208,0.735
142,Drew Eubanks,SAS,22,13,9,12.4,4.9,15.9,8.9,0.4,1.59,0.43,0.307,1.5,1.0,3.0,0.618,0.545,0.877
143,Duncan Robinson,MIA,72,44,28,29.5,13.4,33.7,25.0,0.8,1.40,0.42,0.398,0.5,0.0,0.6,0.727,2.000,1.022
144,Dusty Hannahs,MEM,2,0,2,6.7,6.0,10.0,6.0,0.7,4.09,4.25,0.600,0.0,0.0,0.0,0.000,0.000,0.000
145,Dwayne Bacon,CHA,39,10,29,17.6,5.7,26.2,19.1,1.1,2.53,1.72,0.219,0.2,0.2,0.4,0.778,0.750,0.824
146,Dwight Howard,LAL,69,52,17,18.9,7.5,29.9,13.5,0.7,1.41,0.38,0.250,1.4,0.8,6.0,0.253,0.481,1.039
147,Dwight Powell,DAL,39,24,15,26.4,9.4,38.7,20.4,1.0,1.48,0.45,0.243,2.1,0.1,5.4,0.634,0.500,0.986
148,Dzanan Musa,BKN,40,20,20,12.2,4.8,19.9,10.8,0.9,2.77,2.22,0.241,0.1,0.0,0.7,0.750,0.000,0.923
149,E'Twaun Moore,NOP,55,27,28,18.3,8.4,26.5,17.7,1.2,2.69,2.31,0.317,0.5,0.0,0.9,0.821,1.000,0.745
150,Ed Davis,UTA,28,16,12,10.8,1.8,18.4,8.6,0.5,1.65,0.46,0.099,1.3,0.1,2.3,0.167,1.000,0.569
151,Edmond Sumner,IND,31,16,15,14.4,4.9,17.5,12.8,0.8,2.80,2.09,0.280,0.1,0.0,0.5,2.000,0.000,0.786
152,Elfrid Payton,NYK,45,17,28,27.7,10.0,75.0,27.2,6.0,4.84,4.48,0.133,0.5,0.1,1.6,0.500,0.000,0.557
153,Elie Okobo,PHX,54,23,31,13.0,3.9,29.8,9.9,2.3,4.70,4.50,0.132,0.1,0.0,0.3,0.500,0.000,0.412
154,Emmanuel Mudiay,UTA,54,34,20,15.7,7.3,36.4,15.2,2.7,4.49,4.01,0.201,0.2,0.2,0.3,0.222,0.100,0.667
155,Enes Kanter,BOS,58,36,22,17.0,8.1,24.1,17.5,0.7,1.83,0.50,0.336,0.8,2.7,5.6,0.478,0.682,1.040
156,Eric Bledsoe,MIL,60,47,13,26.9,14.9,56.4,20.8,4.2,4.49,4.01,0.263,0.4,0.3,1.2,0.364,0.267,0.527
157,Eric Gordon,HOU,36,21,15,28.2,14.4,35.3,22.3,1.6,2.66,2.09,0.409,0.3,0.3,0.4,1.222,0.556,0.600
158,Eric Mika,SAC,1,0,1,19.1,6.0,22.0,11.0,0.5,1.32,0.27,0.273,2.0,0.0,3.0,2.000,0.000,1.333
159,Eric Paschall,GSW,60,14,46,27.6,14.0,47.8,30.7,1.9,2.40,1.36,0.292,1.8,2.9,2.7,0.561,0.546,0.863
160,Ersan Ilyasova,MIL,62,47,15,15.7,6.6,25.1,13.5,0.6,1.39,0.43,0.264,0.8,0.3,2.3,0.731,0.625,0.986
161,Evan Fournier,ORL,66,28,38,31.4,18.5,44.1,35.9,2.3,3.10,2.24,0.420,0.7,0.1,0.6,0.818,0.600,1.026
162,Evan Turner,MIN,19,3,16,13.2,3.3,26.8,10.5,1.9,4.23,3.52,0.122,0.2,0.6,0.7,0.667,0.417,0.769
163,Frank Jackson,NOP,58,26,32,13.4,6.2,21.8,12.8,1.0,2.78,2.29,0.283,0.1,0.0,0.3,1.250,0.000,0.900
164,Frank Kaminsky,PHX,38,19,19,19.6,9.4,40.4,25.0,1.0,1.53,0.51,0.232,3.4,1.3,3.5,0.366,0.647,0.820
165,Frank Mason,MIL,9,6,3,13.1,6.9,30.9,12.1,2.4,4.65,4.28,0.223,0.2,0.0,0.6,1.000,0.000,0.800
166,Frank Ntilikina,NYK,57,19,38,20.8,6.3,49.5,18.1,3.6,4.38,3.93,0.127,0.2,0.0,0.4,0.571,0.000,0.500
167,Fred VanVleet,TOR,54,40,14,35.7,17.6,77.2,35.4,5.9,4.57,4.28,0.228,0.3,0.0,0.8,0.235,0.000,0.561
168,Furkan Korkmaz,PHI,72,42,30,21.7,9.8,25.1,19.1,0.9,2.08,1.52,0.390,0.6,0.0,0.6,0.537,0.000,0.800
169,Gabe Vincent,MIA,9,5,4,9.2,2.4,10.3,4.8,0.7,4.19,3.27,0.237,0.2,0.0,0.3,0.000,0.000,0.000
170,Garrett Temple,BKN,62,30,32,27.9,10.3,39.1,22.7,1.8,2.69,2.01,0.265,0.3,0.1,0.6,0.333,0.000,0.462
171,Garrison Mathews,WAS,18,8,10,12.6,5.4,9.9,8.2,0.2,1.42,0.77,0.551,0.1,0.0,0.1,0.000,0.000,0.000
172,Gary Clark,ORL,42,23,19,13.5,3.7,18.4,8.4,0.5,1.49,0.38,0.202,0.4,0.0,0.9,0.133,0.000,0.462
173,Gary Harris,DEN,56,37,19,31.8,10.4,31.6,24.8,1.3,2.49,1.86,0.328,0.5,0.0,0.9,0.885,0.000,0.627
174,Gary Payton II,WAS,29,13,16,14.9,3.9,21.0,12.2,0.7,2.12,1.35,0.186,0.3,0.1,1.8,0.600,0.000,0.500
175,Gary Trent Jr.,POR,60,28,32,21.6,8.7,19.2,13.4,0.8,2.46,1.76,0.452,0.3,0.1,0.3,0.688,1.333,0.632
176,George Hill,MIL,58,46,12,21.5,9.3,44.6,17.6,3.3,4.46,3.88,0.208,0.4,0.1,1.2,0.955,0.000,0.765
177,Georges Niang,UTA,66,41,25,14.0,5.9,22.1,12.0,0.6,1.69,0.81,0.268,0.1,0.1,0.2,0.667,0.500,1.077
178,Giannis Antetokounmpo,MIL,62,50,12,30.4,29.5,81.1,40.7,4.5,3.35,2.18,0.363,5.6,4.4,6.0,0.601,0.596,1.030
179,Glenn Robinson III,PHI,62,17,45,28.8,11.7,39.3,25.6,1.2,1.90,1.12,0.298,0.9,0.1,2.4,0.618,1.000,0.827
180,Goga Bitadze,IND,54,32,22,8.7,3.2,15.5,8.5,0.3,1.34,0.31,0.205,1.5,0.3,1.7,0.506,0.353,0.914
181,Goran Dragic,MIA,58,37,21,28.1,16.0,64.9,26.2,5.4,5.01,4.54,0.246,0.6,0.3,1.2,0.629,0.421,0.806
182,Gordon Hayward,BOS,52,34,18,33.5,17.5,57.7,35.0,2.8,2.95,2.08,0.303,1.5,0.3,2.5,0.625,0.308,0.795
183,Gorgui Dieng,MEM,63,20,43,17.4,7.4,35.0,21.8,1.0,1.65,0.65,0.210,1.9,0.9,2.9,0.369,0.407,0.703
184,Grant Williams,BOS,69,47,22,15.1,3.4,19.1,11.5,0.6,1.83,0.73,0.180,0.7,0.4,1.6,0.370,0.633,0.716
185,Grayson Allen,MEM,38,16,22,18.9,8.7,25.1,17.1,1.0,2.46,1.57,0.346,0.2,0.0,0.2,0.333,0.000,0.857
186,Hamidou Diallo,OKC,46,25,21,19.5,6.9,23.0,13.0,0.9,2.46,1.89,0.301,0.6,0.1,1.7,0.852,0.667,0.857
187,Harrison Barnes,SAC,71,31,40,34.5,14.6,45.7,28.9,1.7,2.27,1.19,0.320,1.2,3.9,2.5,0.390,0.473,0.949
188,Harry Giles III,SAC,45,22,23,14.5,7.0,22.7,14.0,0.7,1.77,0.57,0.307,3.5,1.0,3.6,0.497,0.362,1.128
189,Hassan Whiteside,POR,66,33,33,29.9,15.6,46.8,23.7,1.3,1.70,0.39,0.333,4.5,2.7,9.1,0.722,0.678,1.149
190,Henry Ellenson,BKN,5,2,3,3.0,0.4,5.8,3.2,0.1,1.34,0.59,0.069,0.0,0.0,0.4,0.000,0.000,1.000
191,Ian Mahinmi,WAS,38,15,23,21.3,7.4,40.7,22.7,1.1,1.56,0.62,0.183,2.8,0.3,5.0,0.607,0.615,0.728
192,Ignas Brazdeikis,NYK,9,1,8,5.9,1.9,5.0,4.1,0.2,2.80,1.80,0.378,0.0,0.1,0.1,0.000,0.000,0.000
193,Iman Shumpert,BKN,13,9,4,18.5,4.2,21.6,12.2,0.9,2.48,1.65,0.192,0.6,0.0,0.8,0.250,0.000,0.818
194,Isaac Bonga,WAS,66,22,44,18.9,5.0,22.7,15.2,0.9,2.33,1.66,0.221,0.5,0.0,1.6,0.833,1.000,0.876
195,Isaiah Hartenstein,HOU,23,16,7,11.6,4.7,19.8,10.6,0.6,1.67,0.40,0.235,1.2,0.3,3.6,0.857,0.000,0.928
196,Isaiah Roby,OKC,3,2,1,3.8,0.0,1.7,0.7,0.1,3.11,3.00,0.000,0.0,0.0,0.0,0.000,0.000,0.000
197,Isaiah Thomas,WAS,40,14,26,23.1,12.2,53.1,21.2,3.8,4.25,3.69,0.230,0.2,0.0,0.3,1.000,0.000,0.636
198,Ish Smith,WAS,68,23,45,26.3,10.9,61.0,20.6,4.4,4.34,4.30,0.179,0.1,0.0,0.5,0.400,0.000,0.485
199,Ivica Zubac,LAC,72,49,23,18.4,8.3,35.7,19.0,0.9,1.43,0.38,0.232,2.7,0.7,6.4,0.635,0.460,0.922
200,J.J. Barea,DAL,29,15,14,15.5,7.7,38.8,15.7,3.2,5.02,5.21,0.197,0.1,0.0,0.1,1.000,0.000,1.250
201,J.P. Macura,CLE,1,1,0,0.6,0.0,1.0,1.0,0.0,2.88,1.00,0.000,0.0,0.0,0.0,0.000,0.000,0.000
202,JJ Redick,NOP,60,26,34,26.3,15.3,34.6,27.4,1.1,1.92,1.19,0.442,0.6,0.0,0.5,0.632,0.000,0.828
203,JR Smith,LAL,6,2,4,13.1,2.8,13.3,7.3,0.6,2.52,1.78,0.213,0.0,0.0,0.0,0.000,0.000,0.000
204,Ja Morant,MEM,67,33,34,31.0,17.8,76.0,28.4,6.8,5.37,4.76,0.234,0.4,0.0,1.6,0.821,0.000,0.916
205,JaKarr Sampson,IND,34,21,13,13.8,4.6,15.7,8.8,0.4,1.69,0.74,0.292,0.9,0.2,2.0,0.813,0.286,1.075
206,JaMychal Green,LAC,63,43,20,20.7,6.8,30.4,15.0,0.7,1.31,0.37,0.224,0.5,0.4,1.8,0.613,0.630,0.730
207,JaVale McGee,LAL,68,51,17,16.6,6.6,22.6,11.8,0.5,1.36,0.40,0.290,2.2,0.9,5.4,0.423,0.274,0.916
208,Jabari Parker,SAC,38,9,29,24.2,14.0,48.8,24.4,1.5,1.85,0.97,0.286,1.5,1.2,3.4,0.724,0.800,1.227
209,Jacob Evans,MIN,29,8,21,14.4,4.4,29.2,14.4,1.6,3.22,2.33,0.151,0.3,0.1,0.5,0.333,0.000,0.857
210,Jae Crowder,MIA,64,29,35,28.7,10.4,47.9,26.3,1.4,1.80,0.93,0.217,0.5,0.3,1.1,0.533,0.176,0.958
211,Jahlil Okafor,NOP,30,9,21,15.6,8.1,31.3,19.6,1.1,2.03,0.95,0.259,2.3,2.9,3.9,0.529,0.575,0.829
212,Jake Layman,MIN,23,11,12,22.0,9.1,24.0,16.3,0.8,2.02,1.19,0.380,0.3,0.2,1.4,1.333,0.500,1.188
213,Jakob Poeltl,SAS,65,29,36,17.8,5.6,34.3,17.8,0.9,1.49,0.44,0.165,2.4,0.9,4.7,0.641,0.310,0.784
214,Jalen Brunson,DAL,56,33,23,18.0,8.2,37.6,17.4,2.8,4.49,4.03,0.218,0.1,0.0,0.4,0.500,0.000,0.720
215,Jalen Lecque,PHX,5,2,3,6.3,2.0,5.6,4.8,0.2,2.54,1.86,0.357,0.0,0.0,0.0,0.000,0.000,0.000
216,Jalen McDaniels,CHA,16,7,9,18.3,5.6,25.0,14.1,0.8,1.88,1.00,0.223,0.2,0.4,1.3,0.667,0.833,0.905
217,Jamal Crawford,BKN,1,1,0,6.0,5.0,14.0,8.0,1.0,4.38,3.50,0.357,0.0,0.0,0.0,0.000,0.000,0.000
218,Jamal Murray,DEN,59,38,21,32.3,18.5,75.7,33.9,5.9,4.65,4.14,0.244,0.9,0.4,1.6,0.519,0.909,0.840
219,James Ennis III,ORL,69,42,27,18.3,6.6,19.2,12.5,0.6,1.92,0.98,0.342,0.4,0.1,1.8,1.038,1.500,0.927
220,James Harden,HOU,68,43,25,36.5,34.3,84.6,24.8,8.6,6.07,5.77,0.406,0.5,0.8,0.9,0.419,0.407,0.705
221,James Johnson,MIN,32,14,18,19.4,8.4,33.5,19.2,1.5,2.64,1.93,0.252,1.5,0.3,1.7,0.125,0.200,0.868
222,Jared Dudley,LAL,45,30,15,8.1,1.5,12.6,6.7,0.3,1.35,0.45,0.120,0.2,0.1,0.2,0.500,0.667,0.500
223,Jared Harper,NYK,3,1,2,2.6,0.7,2.7,2.0,0.2,4.21,3.88,0.250,0.0,0.0,0.0,0.000,0.000,0.000
224,Jaren Jackson Jr.,MEM,57,28,29,28.5,17.4,44.3,28.9,1.3,1.78,0.88,0.392,2.1,3.0,3.9,0.738,0.675,0.923
225,Jarred Vanderbilt,MIN,11,6,5,4.2,1.1,5.0,2.5,0.1,1.50,0.62,0.218,0.3,0.0,0.8,0.000,0.000,0.667
226,Jarrell Brantley,UTA,9,3,6,10.7,2.7,17.8,11.0,0.8,2.66,1.73,0.150,0.6,0.2,0.3,1.600,0.000,1.333
227,Jarrett Allen,BKN,70,33,37,26.5,11.1,39.7,24.2,0.9,1.35,0.31,0.279,3.7,0.2,8.7,0.592,0.308,0.944
228,Jarrett Culver,MIN,63,19,44,23.9,9.2,38.7,20.7,2.1,3.18,2.40,0.238,0.5,0.1,1.5,0.600,0.857,0.894
229,Jarrod Uthoff,WAS,7,4,3,7.6,2.7,11.0,7.0,0.3,1.64,0.75,0.247,0.4,0.3,1.1,1.333,1.000,0.500
230,Javonte Green,BOS,48,33,15,9.7,3.4,12.4,6.6,0.4,1.86,1.04,0.274,0.4,0.0,0.9,0.947,0.000,0.810
231,Jaxson Hayes,NOP,63,28,35,17.1,7.5,25.0,15.2,0.6,1.40,0.36,0.300,1.9,0.2,4.3,0.795,0.071,1.059
232,Jaylen Brown,BOS,57,38,19,33.9,20.3,49.0,31.5,2.2,2.65,1.93,0.415,1.1,1.1,2.2,0.629,0.710,1.065
233,Jaylen Hoard,POR,13,7,6,7.9,2.9,10.2,5.2,0.4,2.12,1.10,0.288,0.5,0.0,1.3,0.714,0.000,0.706
234,Jaylen Nowell,MIN,15,2,13,10.1,3.8,14.5,8.9,0.6,2.45,1.81,0.261,0.5,0.0,0.5,0.750,0.000,0.500
235,Jayson Tatum,BOS,66,46,20,34.3,23.4,68.1,38.7,3.4,3.01,2.10,0.344,1.4,1.5,2.0,0.728,0.520,0.704
236,Jeff Green,HOU,48,28,20,20.0,9.4,26.1,15.8,0.8,1.92,0.95,0.362,1.0,0.3,1.6,0.830,0.333,0.880
237,Jeff Teague,ATL,59,22,37,24.8,10.9,54.6,19.9,4.5,4.91,4.80,0.199,0.2,0.1,0.4,0.182,0.286,0.667
238,Jerami Grant,DEN,71,45,26,26.6,12.0,36.6,23.0,1.1,1.75,0.71,0.328,1.0,1.3,2.8,0.557,0.638,1.010
239,Jeremiah Martin,BKN,9,6,3,11.0,7.1,23.9,9.9,2.1,5.35,4.84,0.298,0.0,0.0,0.1,0.000,0.000,0.000
240,Jeremy Lamb,IND,46,27,19,28.1,12.5,43.9,27.7,2.2,2.95,1.92,0.286,0.4,0.1,0.9,0.944,0.000,1.195
241,Jeremy Pargo,GSW,3,0,3,14.8,8.3,32.3,12.0,2.8,5.14,5.30,0.258,0.0,0.0,0.3,0.000,0.000,2.000
242,Jerian Grant,WAS,6,1,5,13.4,4.5,26.3,16.7,1.3,2.95,2.60,0.171,0.0,0.0,0.2,0.000,0.000,0.000
243,Jerome Robinson,WAS,63,36,27,15.5,5.1,22.1,12.8,1.0,2.72,2.36,0.229,0.1,0.0,0.2,1.286,0.000,0.455
244,Jevon Carter,PHX,58,29,29,16.3,4.9,23.3,12.0,1.4,3.55,3.08,0.212,0.2,0.0,0.4,0.500,0.000,0.348
245,Jimmy Butler,MIA,58,38,20,33.8,19.9,71.3,36.5,5.4,4.51,3.52,0.280,1.9,3.1,4.3,0.773,0.456,0.717
246,Joakim Noah,LAC,5,4,1,10.0,2.8,23.6,11.2,0.9,2.28,0.86,0.119,1.4,1.8,2.0,0.714,0.111,0.800
247,Joe Chealey,CHA,4,1,3,8.4,0.5,19.0,8.5,1.3,4.12,3.18,0.026,0.0,0.0,0.0,0.000,0.000,0.000
248,Joe Harris,BKN,69,33,36,30.8,14.5,45.8,30.9,1.4,1.80,0.99,0.316,0.9,0.1,1.3,0.767,0.000,0.833
249,Joe Ingles,UTA,72,44,28,29.7,9.8,55.4,31.0,3.2,3.46,2.50,0.177,0.5,0.1,0.3,0.242,0.143,0.400
250,Joel Embiid,PHI,51,32,19,29.5,23.0,68.1,42.8,2.5,2.24,0.88,0.338,5.0,9.8,6.7,0.425,0.758,1.035
251,John Collins,ATL,41,15,26,33.2,21.6,67.5,35.7,1.8,1.56,0.53,0.320,3.6,1.7,9.4,0.723,0.800,1.083
252,John Henson,DET,40,8,32,15.0,5.5,23.3,15.8,0.6,1.60,0.41,0.237,2.0,0.4,4.4,0.557,0.353,0.876
253,John Konchar,MEM,19,9,10,9.5,2.8,14.2,7.7,0.5,2.17,1.32,0.201,0.4,0.1,1.5,1.500,2.000,0.964
254,Johnathan Motley,LAC,13,8,5,3.2,2.2,6.1,3.1,0.2,2.08,1.23,0.354,0.1,0.2,0.7,0.000,1.000,1.222
255,Johnathan Williams,WAS,15,7,8,12.0,3.0,13.7,8.5,0.4,1.56,0.50,0.220,1.4,0.1,2.9,0.619,1.000,0.674
256,Jonah Bolden,PHX,7,6,1,6.7,1.4,9.6,4.9,0.2,1.43,0.49,0.149,0.1,0.1,1.0,0.000,0.000,0.857
257,Jonas Valanciunas,MEM,70,32,38,26.4,14.9,55.3,32.1,1.6,1.73,0.52,0.270,3.4,4.5,8.6,0.700,0.677,1.028
258,Jonathan Isaac,ORL,34,15,19,28.8,11.9,53.2,23.4,1.4,1.59,0.65,0.223,1.5,0.9,3.2,0.462,0.548,0.972
259,Jordan Bell,CLE,29,8,21,8.8,3.2,16.7,8.6,0.5,1.63,0.52,0.193,1.0,0.3,2.1,0.267,0.100,0.850
260,Jordan Bone,DET,10,3,7,5.3,1.2,8.8,6.1,0.5,3.25,2.14,0.136,0.0,0.0,0.1,0.000,0.000,2.000
261,Jordan Clarkson,UTA,71,34,37,24.0,15.2,37.3,23.4,2.2,3.48,2.92,0.407,0.4,0.2,1.0,0.483,0.571,1.028
262,Jordan McLaughlin,MIN,30,7,23,19.7,7.6,49.5,18.7,3.6,4.30,3.98,0.154,0.1,0.0,0.4,0.667,0.000,0.545
263,Jordan McRae,DET,37,12,25,21.2,11.5,36.7,25.3,2.0,3.30,2.74,0.314,0.1,0.0,0.5,1.250,0.000,1.000
264,Jordan Poole,GSW,57,12,45,22.3,8.8,36.7,24.3,1.9,3.03,2.34,0.240,0.3,0.0,0.2,0.176,0.000,0.462
265,Josh Gray,NOP,2,1,1,11.4,1.0,22.5,15.5,1.2,3.29,2.93,0.044,0.0,0.0,0.5,0.000,0.000,0.000
266,Josh Hart,NOP,64,26,38,27.2,10.2,40.2,21.7,1.4,2.03,1.27,0.254,0.3,0.1,0.9,0.353,0.000,0.690
267,Josh Jackson,MEM,22,10,12,17.3,9.0,24.8,13.9,1.0,2.44,1.74,0.363,0.1,0.1,1.1,0.667,0.000,0.920
268,Josh Magette,ORL,8,3,5,4.7,1.5,10.0,3.5,1.0,5.85,5.99,0.150,0.0,0.0,0.0,0.000,0.000,0.000
269,Josh Okogie,MIN,62,19,43,25.0,8.6,27.9,19.0,1.0,2.23,1.53,0.308,0.3,0.0,2.0,0.684,0.000,0.837
270,Josh Reaves,DAL,4,2,2,7.1,2.0,6.8,4.5,0.2,1.95,1.15,0.296,0.0,0.0,0.8,0.000,0.000,0.667
271,Josh Richardson,PHI,55,33,22,30.8,13.7,50.3,32.6,3.0,3.56,2.86,0.273,0.8,0.1,1.1,0.628,0.857,0.742
272,Jrue Holiday,NOP,60,26,34,34.7,19.1,79.2,36.8,4.8,3.63,3.16,0.241,1.1,0.3,2.0,0.691,0.533,0.683
273,Juan Toscano-Anderson,GSW,13,3,10,20.9,5.3,39.9,20.8,1.5,2.19,1.41,0.133,0.6,0.2,2.0,0.750,0.000,0.846
274,Juancho Hernangomez,MIN,48,24,24,17.4,6.0,23.5,12.8,0.6,1.53,0.55,0.255,0.4,0.2,1.6,1.350,0.364,0.910
275,Julius Randle,NYK,64,21,43,32.5,19.5,68.8,40.7,3.2,2.76,1.67,0.283,3.5,4.8,4.5,0.608,0.563,0.937
276,Justin Anderson,BKN,10,6,4,10.7,2.8,14.7,7.9,0.4,1.64,0.52,0.190,0.0,0.1,0.1,0.000,0.000,3.000
277,Justin Holiday,IND,73,45,28,25.0,8.3,29.8,16.9,0.8,1.62,0.74,0.278,0.4,0.0,0.9,0.414,0.000,0.682
278,Justin Jackson,DAL,64,38,26,16.0,5.6,21.8,12.7,0.6,1.77,0.94,0.257,0.3,0.0,0.9,0.857,1.000,1.017
279,Justin James,SAC,36,14,22,6.5,2.5,7.5,4.8,0.3,2.38,1.46,0.328,0.0,0.0,0.3,0.000,2.000,1.250
280,Justin Patton,DET,5,2,3,4.8,1.8,10.4,6.6,0.3,1.54,0.48,0.173,0.6,0.2,0.8,0.000,0.000,1.500
281,Justin Robinson,WAS,9,2,7,5.4,1.4,7.3,3.0,0.6,4.54,4.41,0.197,0.0,0.0,0.0,0.000,0.000,0.000
282,Justin Wright-Foreman,UTA,4,1,3,11.3,4.8,23.5,11.3,1.6,4.09,3.63,0.202,0.0,0.0,0.0,0.000,0.000,0.000
283,Justise Winslow,MEM,11,7,4,32.0,11.3,67.5,26.9,4.5,3.98,3.38,0.167,0.5,0.9,2.5,1.333,0.600,0.963
284,Jusuf Nurkic,POR,8,6,2,31.6,17.6,66.9,36.4,1.9,1.69,0.48,0.264,3.8,5.4,8.5,1.133,0.558,0.779
285,Juwan Morgan,UTA,21,12,9,6.4,1.7,7.2,4.0,0.2,1.28,0.40,0.238,0.1,0.0,1.0,0.333,0.000,0.857
286,KZ Okpala,MIA,5,2,3,5.2,1.4,3.8,2.2,0.1,2.19,1.63,0.368,0.2,0.0,0.6,0.000,0.000,0.667
287,Kadeem Allen,NYK,10,3,7,11.7,5.0,27.6,8.9,2.3,4.91,4.76,0.181,0.2,0.0,0.1,2.000,0.000,2.000
288,Karl-Anthony Towns,MIN,35,10,25,33.9,26.5,69.5,47.8,2.3,2.01,0.79,0.381,3.3,7.9,5.7,0.491,0.554,1.050
289,Kawhi Leonard,LAC,57,41,16,32.4,27.1,64.2,39.1,4.6,4.34,3.51,0.422,1.0,4.6,1.6,0.804,0.521,0.703
290,Keita Bates-Diop,DEN,44,10,34,16.9,6.5,20.0,12.5,0.6,1.85,0.93,0.327,0.4,0.0,1.3,0.789,1.000,1.086
291,Kelan Martin,MIN,31,12,19,16.0,6.4,18.9,12.1,0.6,1.82,0.95,0.337,0.2,0.0,0.5,0.400,0.000,0.667
292,Keldon Johnson,SAS,17,8,9,17.7,9.1,20.7,12.6,0.8,2.23,1.48,0.438,0.5,0.1,0.9,1.250,0.000,1.188
293,Kelly Olynyk,MIA,66,41,25,19.5,8.2,35.3,19.1,1.0,1.74,0.53,0.233,1.1,0.8,1.8,0.423,0.360,0.925
294,Kelly Oubre Jr.,PHX,55,22,33,34.4,18.7,45.5,31.4,1.7,2.25,1.37,0.411,1.0,0.1,2.9,0.895,0.500,0.994
295,Kemba Walker,BOS,56,37,19,31.1,20.4,70.8,24.1,5.9,5.00,4.59,0.289,0.3,0.0,0.7,0.471,0.000,0.450
296,Kendrick Nunn,MIA,66,42,24,29.3,15.4,50.9,24.2,3.5,4.14,3.67,0.302,0.6,0.1,1.0,0.605,0.250,0.746
297,Kenrich Williams,NOP,39,12,27,21.3,3.5,30.0,16.2,0.8,1.53,0.84,0.116,0.2,0.0,1.6,0.250,0.000,0.419
298,Kent Bazemore,SAC,67,32,35,24.8,8.7,33.0,18.6,1.4,2.53,1.68,0.263,0.3,0.2,0.8,0.636,0.667,0.679
299,Kentavious Caldwell-Pope,LAL,69,51,18,25.5,9.3,31.0,20.3,0.9,1.82,0.95,0.301,0.8,0.0,1.0,0.768,0.000,0.903
300,Kevin Hervey,OKC,10,3,7,5.2,1.7,7.6,4.7,0.2,1.71,0.88,0.224,0.0,0.1,0.2,0.000,0.000,1.000
301,Kevin Huerter,ATL,56,19,37,31.4,12.2,43.5,29.0,2.2,3.05,2.40,0.281,0.3,0.0,1.0,0.778,2.000,0.741
302,Kevin Knox II,NYK,65,21,44,17.9,6.4,22.5,14.6,0.8,2.06,1.10,0.287,0.2,0.1,0.5,0.692,0.167,0.800
303,Kevin Love,CLE,56,16,40,31.8,17.6,61.1,37.4,2.0,1.93,0.58,0.289,1.4,6.8,3.1,0.628,0.532,0.901
304,Kevin Porter Jr.,CLE,50,15,35,23.2,10.0,31.9,21.5,1.8,3.39,2.43,0.312,0.5,0.1,1.3,0.846,0.200,1.094
305,Kevon Looney,GSW,20,6,14,13.1,3.4,21.0,13.9,0.6,1.78,0.72,0.162,1.2,1.3,2.4,0.217,0.192,0.830
306,Khem Birch,ORL,48,19,29,19.2,4.4,25.2,14.6,0.6,1.34,0.45,0.175,3.1,0.5,4.8,0.395,0.273,0.537
307,Khris Middleton,MIL,61,45,16,29.8,21.0,59.3,28.9,3.5,3.52,2.75,0.355,1.3,2.2,1.2,0.701,0.788,0.917
308,Khyri Thomas,DET,8,2,6,7.6,2.1,13.0,6.8,0.9,3.97,3.71,0.163,0.4,0.0,0.3,0.000,0.000,0.000
309,Kostas Antetokounmpo,LAL,5,3,2,4.0,1.4,4.4,2.6,0.1,1.17,0.23,0.318,0.4,0.0,1.4,1.000,0.000,1.000
310,Kris Dunn,CHI,51,19,32,24.9,7.3,45.6,20.5,2.6,3.43,2.78,0.160,0.2,0.1,0.8,0.600,0.333,0.634
311,Kristaps Porzingis,DAL,55,30,25,31.6,20.2,60.0,35.4,1.6,1.58,0.50,0.336,2.5,3.4,4.5,0.836,0.638,1.065
312,Ky Bowman,GSW,45,9,36,22.6,7.4,55.2,23.5,3.8,4.09,3.97,0.135,0.2,0.1,0.5,0.727,0.000,0.417
313,Kyle Alexander,MIA,2,0,2,6.7,1.0,3.5,1.5,0.1,1.47,0.00,0.286,0.0,0.0,1.0,0.000,0.000,1.000
314,Kyle Anderson,MEM,67,32,35,19.8,5.8,29.7,17.1,1.3,2.57,1.48,0.196,0.9,0.2,1.8,0.410,0.357,0.826
315,Kyle Guy,SAC,3,2,1,3.2,1.3,5.0,3.3,0.2,2.81,2.53,0.267,0.0,0.0,0.3,0.000,0.000,2.000
316,Kyle Korver,MIL,57,42,15,16.5,6.6,18.9,13.8,0.5,1.60,0.71,0.350,0.1,0.0,0.2,0.333,0.000,0.333
317,Kyle Kuzma,LAL,61,46,15,25.0,12.8,34.8,21.7,1.5,2.56,1.64,0.369,1.3,1.0,1.7,0.896,0.508,1.000
318,Kyle Lowry,TOR,57,40,17,36.2,19.2,83.2,35.6,5.7,4.09,3.37,0.231,0.4,0.1,0.7,0.273,0.000,0.333
319,Kyle O'Quinn,PHI,29,18,11,10.8,3.5,24.7,14.6,0.7,1.79,0.47,0.143,2.2,0.7,2.1,0.062,0.095,0.683
320,Kyrie Irving,BKN,20,8,12,32.9,27.4,77.6,26.6,6.3,4.91,4.55,0.353,0.8,0.3,1.8,0.667,1.333,0.743
321,LaMarcus Aldridge,SAS,52,22,30,33.0,18.9,55.1,38.7,1.8,1.92,0.76,0.343,2.9,9.7,4.8,0.440,0.588,1.008
322,Lance Thomas,BKN,7,4,3,14.0,3.4,16.1,8.3,0.4,1.38,0.48,0.212,1.0,0.0,0.3,0.571,0.000,1.000
323,Landry Shamet,LAC,53,34,19,27.4,9.3,30.6,18.7,1.2,2.34,1.74,0.304,0.2,0.0,0.3,0.750,0.000,0.824
324,Langston Galloway,DET,65,20,45,25.9,10.4,27.2,21.1,0.9,2.00,1.32,0.381,0.4,0.0,0.4,0.655,0.000,0.333
325,Larry Nance Jr.,CLE,56,16,40,26.3,10.1,45.1,26.2,1.5,2.06,0.93,0.224,2.9,1.4,5.8,0.389,0.354,0.788
326,Lauri Markkanen,CHI,50,18,32,29.8,14.7,45.3,25.5,1.4,1.82,1.00,0.325,1.3,1.0,2.6,0.889,0.520,1.008
327,LeBron James,LAL,67,50,17,34.6,25.3,91.7,38.6,7.4,4.85,3.85,0.277,1.7,3.9,2.6,0.557,0.447,0.884
328,Lonnie Walker IV,SAS,60,28,32,16.1,6.2,20.2,12.2,1.0,2.92,2.13,0.308,0.1,0.0,0.7,0.286,0.000,0.718
329,Lonzo Ball,NOP,62,26,36,32.0,11.6,82.7,35.2,4.7,3.38,2.55,0.140,0.4,0.2,1.6,0.360,0.333,0.646
330,Lou Williams,LAC,65,44,21,28.7,18.2,61.9,24.7,5.0,4.83,3.98,0.295,0.2,0.0,0.4,0.267,0.000,0.808
331,Louis King,DET,10,3,7,6.2,2.0,7.8,4.6,0.3,2.30,1.36,0.256,0.0,0.0,0.2,0.000,0.000,2.000
332,Luc Mbah a Moute,HOU,3,1,2,8.2,1.7,9.0,3.0,0.4,2.37,1.63,0.185,0.0,0.0,0.3,0.000,0.000,2.000
333,Luguentz Dort,OKC,36,26,10,22.8,6.8,18.8,13.4,0.6,1.98,1.36,0.361,0.3,0.0,0.9,1.200,0.000,0.788
334,Luka Doncic,DAL,59,34,25,33.4,28.6,95.8,33.8,8.9,5.56,5.12,0.298,0.5,1.2,1.7,0.567,0.639,0.939
335,Luka Samanic,SAS,3,1,2,16.1,5.3,26.7,14.0,0.7,1.55,0.79,0.200,0.3,0.7,0.7,0.000,1.000,2.000
336,Luke Kennard,DET,27,11,16,32.9,16.1,51.1,37.2,2.7,3.22,2.26,0.315,0.3,0.0,0.7,0.286,0.000,0.900
337,Luke Kornet,CHI,36,11,25,15.5,6.0,21.3,14.9,0.5,1.48,0.62,0.281,1.1,0.2,2.4,0.487,1.000,0.954
338,Malcolm Brogdon,IND,54,34,20,30.9,16.5,77.3,27.1,6.8,5.29,5.43,0.214,0.5,0.3,1.0,1.154,0.375,0.830
339,Malcolm Miller,TOR,28,24,4,5.8,1.3,6.0,4.1,0.2,1.86,0.75,0.210,0.1,0.0,0.3,0.000,0.000,0.250
340,Malik Beasley,MIN,55,30,25,22.0,11.2,29.0,18.5,1.2,2.45,1.83,0.386,0.3,0.0,0.6,0.706,0.000,0.968
341,Malik Monk,CHA,54,18,36,21.0,9.9,31.9,21.6,1.5,2.75,2.15,0.309,0.2,0.0,1.1,0.182,0.000,1.017
342,Malik Newman,CLE,1,0,1,3.7,2.0,9.0,3.0,0.8,5.11,4.56,0.222,0.0,0.0,0.0,0.000,0.000,0.000
343,Marc Gasol,TOR,43,34,9,26.6,7.6,52.7,34.2,1.3,1.45,0.38,0.145,3.7,2.1,2.1,0.206,0.456,0.571
344,Marco Belinelli,SAS,56,26,30,15.6,6.4,17.9,13.0,0.7,2.20,1.47,0.356,0.4,0.0,0.5,0.600,0.000,1.067
345,Marcus Morris Sr.,LAC,62,26,36,31.2,16.7,42.5,30.1,1.8,2.61,1.66,0.392,0.8,2.2,1.3,0.745,0.627,0.696
346,Marcus Smart,BOS,60,39,21,32.0,12.9,58.7,29.1,3.5,3.61,2.89,0.220,0.8,0.9,1.5,0.333,0.415,0.429
347,Marial Shayok,PHI,4,2,2,7.0,2.8,9.0,5.8,0.5,3.46,2.97,0.306,0.0,0.0,0.3,0.000,0.000,0.000
348,Mario Hezonja,POR,52,23,29,16.7,4.9,27.2,9.6,1.4,3.00,1.91,0.181,0.2,0.1,0.7,0.400,1.000,0.629
349,Markelle Fultz,ORL,72,33,39,27.7,12.1,60.2,18.7,5.6,5.59,5.48,0.201,0.4,0.3,1.2,0.645,0.273,0.807
350,Markieff Morris,LAL,57,22,35,20.5,9.5,30.9,19.7,0.8,1.58,0.63,0.309,0.9,1.9,1.5,0.547,0.722,0.932
351,Marko Guduric,MEM,44,19,25,11.0,3.9,16.0,11.0,0.7,2.57,1.66,0.246,0.2,0.0,0.5,0.667,0.000,0.950
352,Marques Bolden,CLE,1,0,1,2.8,0.0,3.0,0.0,0.1,1.01,0.00,0.000,0.0,0.0,0.0,0.000,0.000,0.000
353,Marquese Chriss,GSW,59,15,44,20.3,9.3,42.1,25.6,1.0,1.48,0.50,0.221,2.4,1.9,5.0,0.439,0.398,0.987
354,Marvin Bagley III,SAC,13,2,11,25.7,14.2,40.9,23.2,1.3,1.84,0.73,0.348,3.5,3.0,6.9,0.609,0.410,0.933
355,Marvin Williams,MIL,57,21,36,19.3,5.7,23.9,14.8,0.5,1.28,0.43,0.239,0.4,1.2,1.1,0.600,0.571,1.000
356,Mason Plumlee,DEN,61,38,23,17.3,7.2,33.0,20.8,1.1,2.03,0.77,0.217,2.6,2.4,5.2,0.449,0.422,0.946
357,Matisse Thybulle,PHI,65,40,25,19.8,4.7,18.5,12.3,0.4,1.43,0.88,0.254,0.2,0.0,0.9,0.400,0.000,0.534
358,Matt Mooney,CLE,4,0,4,4.7,0.5,5.8,2.5,0.2,2.41,2.09,0.087,0.0,0.0,0.3,0.000,0.000,0.000
359,Matt Thomas,TOR,40,30,10,10.9,5.0,13.1,9.9,0.4,1.96,1.32,0.384,0.2,0.0,0.3,0.250,0.000,0.545
360,Matthew Dellavedova,CLE,57,17,40,14.4,3.1,29.2,10.9,2.3,4.69,4.56,0.106,0.2,0.2,0.4,0.222,0.444,0.783
361,Maurice Harkless,NYK,62,39,23,23.0,5.8,24.2,12.2,0.8,1.89,0.96,0.238,0.4,0.3,2.0,0.385,0.333,0.869
362,Max Strus,CHI,2,0,2,3.1,2.5,4.0,3.5,0.1,0.98,0.25,0.625,0.5,0.0,0.5,2.000,0.000,2.000
363,Maxi Kleber,DAL,72,40,32,25.4,9.2,36.5,21.1,0.7,1.20,0.29,0.252,0.9,0.2,2.8,0.921,0.364,0.867
364,Melvin Frazier Jr.,ORL,19,6,13,6.6,2.1,5.3,3.4,0.2,2.58,1.82,0.400,0.2,0.0,0.1,0.667,0.000,1.000
365,Meyers Leonard,MIA,51,34,17,20.3,6.1,29.7,16.4,0.9,1.75,0.34,0.204,1.3,0.6,1.8,0.297,0.433,0.872
366,Mfiondu Kabengele,LAC,12,9,3,5.4,3.5,8.8,5.3,0.2,1.69,0.71,0.400,0.3,0.3,0.8,1.000,0.000,1.333
367,Michael Carter-Williams,ORL,45,21,24,18.5,7.2,29.8,15.0,2.1,4.28,3.72,0.241,0.4,0.1,1.4,0.778,0.000,0.460
368,Michael Frazier,HOU,13,7,6,11.1,2.1,8.9,5.4,0.3,2.12,1.38,0.233,0.2,0.0,0.5,1.000,0.000,0.833
369,Michael Kidd-Gilchrist,DAL,24,11,13,11.6,2.5,14.8,8.4,0.5,1.83,1.12,0.169,0.4,0.1,0.8,0.444,0.000,0.737
370,Michael Porter Jr.,DEN,55,36,19,16.4,9.3,23.0,13.4,0.8,2.11,1.09,0.404,0.6,0.4,2.5,0.788,0.900,1.044
371,Mikal Bridges,PHX,72,34,38,27.9,9.2,37.7,21.7,1.1,1.68,0.74,0.244,1.3,0.2,1.9,0.469,0.333,0.993
372,Mike Conley,UTA,47,26,21,29.0,14.4,65.2,28.4,5.0,4.58,4.14,0.220,0.4,0.0,0.5,0.529,0.000,0.320
373,Mike Muscala,OKC,47,26,21,12.2,4.8,24.0,12.8,0.5,1.17,0.22,0.201,0.6,0.1,1.0,0.300,0.286,0.896
374,Mike Scott,PHI,68,39,29,17.8,6.0,26.0,13.5,0.6,1.46,0.41,0.231,0.7,0.5,1.4,0.240,0.543,0.723
375,Miles Bridges,CHA,64,23,41,30.9,13.1,41.1,29.0,1.4,2.05,1.12,0.319,0.6,1.7,2.3,0.675,0.595,0.952
376,Mitchell Robinson,NYK,61,20,41,23.2,9.7,28.9,15.6,0.6,1.31,0.22,0.335,1.3,0.2,7.6,0.275,0.077,1.178
377,Miye Oni,UTA,10,5,5,10.9,3.5,14.3,10.7,0.5,1.92,1.41,0.245,0.1,0.1,0.7,2.000,0.000,0.571
378,Mo Bamba,ORL,62,30,32,14.2,5.4,19.8,11.2,0.5,1.52,0.39,0.270,1.0,0.3,3.6,0.354,0.105,0.836
379,Monte Morris,DEN,73,46,27,22.4,9.0,46.2,19.1,3.7,4.84,4.53,0.196,0.4,0.1,0.6,0.571,0.000,0.674
380,Montrezl Harrell,LAC,63,44,19,27.8,18.6,49.8,30.5,1.9,2.28,1.24,0.374,3.3,4.3,7.2,0.700,0.819,1.077
381,Moritz Wagner,WAS,45,15,30,18.6,8.7,40.4,21.5,1.0,1.53,0.52,0.216,1.7,0.6,3.6,0.579,0.885,1.025
382,Moses Brown,POR,9,4,5,3.6,1.2,5.3,2.7,0.2,1.81,0.64,0.229,0.4,0.2,1.2,0.500,1.000,0.636
383,Mychal Mulder,GSW,7,3,4,29.1,11.0,29.7,20.6,0.9,1.73,1.04,0.370,0.4,0.3,0.6,0.333,0.000,0.750
384,Myles Turner,IND,62,37,25,29.4,12.1,41.0,23.7,1.0,1.46,0.51,0.294,2.0,2.2,3.4,0.632,0.815,0.913
385,Nassir Little,POR,48,22,26,11.9,3.6,14.8,6.8,0.4,1.72,0.70,0.243,0.3,0.1,1.2,0.714,0.500,1.071
386,Naz Mitrou-Long,IND,5,3,2,9.4,2.8,20.4,6.2,1.8,5.28,5.23,0.137,0.0,0.0,0.0,0.000,0.000,0.000
387,Naz Reid,MIN,30,8,22,16.5,9.0,34.6,21.4,1.0,1.67,0.65,0.259,2.1,1.2,3.3,0.790,0.444,0.828
388,Nemanja Bjelica,SAC,71,31,40,27.9,11.5,52.0,30.3,1.6,1.89,0.76,0.221,0.9,2.6,2.8,0.328,0.355,0.848
389,Nerlens Noel,OKC,61,38,23,18.5,7.4,34.2,15.9,0.9,1.53,0.38,0.215,2.7,0.1,5.3,0.389,0.000,1.015
390,Nickeil Alexander-Walker,NOP,47,19,28,12.6,5.7,30.5,12.4,1.9,3.80,3.12,0.186,0.1,0.0,0.3,0.400,0.000,0.500
391,Nicolas Batum,CHA,21,6,15,22.4,3.5,32.0,22.0,1.1,2.06,1.07,0.110,0.1,0.1,1.0,0.000,0.000,0.500
392,Nicolas Claxton,BKN,15,5,10,12.5,4.4,17.4,10.5,0.5,1.74,0.63,0.253,1.4,0.1,2.7,0.762,2.000,0.925
393,Nicolo Melli,NOP,59,26,33,17.2,6.6,31.5,19.9,0.9,1.68,0.63,0.211,0.9,0.8,1.3,0.569,0.447,0.600
394,Nigel Williams-Goss,UTA,10,6,4,5.0,1.4,8.5,3.8,0.6,4.31,4.12,0.165,0.0,0.0,0.1,0.000,0.000,0.000
395,Nikola Jokic,DEN,73,46,27,32.0,19.9,97.2,57.5,3.9,2.41,1.13,0.205,7.9,8.1,5.8,0.511,0.487,0.941
396,Nikola Vucevic,ORL,62,28,34,32.2,19.6,68.0,44.5,1.8,1.62,0.58,0.288,6.4,8.1,9.0,0.448,0.453,0.820
397,Noah Vonleh,DEN,36,13,23,10.5,3.7,20.9,10.3,0.6,1.81,1.00,0.176,1.1,0.9,2.1,0.341,0.412,0.658
398,Norman Powell,TOR,51,39,12,28.2,15.7,36.5,24.4,1.5,2.50,1.92,0.430,0.5,0.0,0.9,0.667,0.000,1.167
399,Norvel Pelle,PHI,24,12,12,9.7,2.4,13.0,6.4,0.3,1.48,0.33,0.182,1.4,0.2,2.5,0.118,0.800,0.933
400,OG Anunoby,TOR,68,49,19,29.8,10.6,34.3,21.4,1.1,1.93,1.03,0.310,1.1,0.8,2.7,0.494,0.340,0.807
401,Omari Spellman,MIN,49,11,38,18.1,7.6,27.9,19.5,0.8,1.72,0.55,0.271,1.7,2.5,2.6,0.373,0.377,0.711
402,Oshae Brissett,TOR,19,15,4,7.1,1.9,9.6,5.5,0.3,1.72,0.62,0.202,0.2,0.0,1.0,0.500,0.000,1.000
403,Otto Porter Jr.,CHI,14,5,9,23.6,11.9,31.6,20.8,1.4,2.70,1.93,0.377,0.4,0.2,1.6,0.000,0.000,0.455
404,P.J. Tucker,HOU,72,44,28,34.3,6.9,39.5,18.5,0.9,1.31,0.45,0.176,1.2,0.0,1.9,0.190,0.000,0.604
405,P.J. Washington,CHA,57,22,35,30.5,12.4,49.0,29.2,1.3,1.56,0.62,0.253,1.8,3.7,3.8,0.689,0.495,0.843
406,PJ Dozier,DEN,29,18,11,14.2,5.8,26.5,12.3,1.9,4.29,3.59,0.218,0.3,0.0,0.7,0.500,0.000,0.905
407,Pascal Siakam,TOR,59,45,14,35.1,22.8,67.6,33.7,4.0,3.56,2.70,0.338,1.5,3.9,3.1,0.784,0.478,0.875
408,Pat Connaughton,MIL,66,52,14,18.7,5.4,28.3,14.9,1.1,2.28,1.49,0.192,0.6,0.0,1.7,0.622,1.000,0.800
409,Patrick Beverley,LAC,51,38,13,26.3,7.9,52.1,20.9,3.3,3.85,3.19,0.153,0.2,0.0,0.8,0.250,0.000,0.286
410,Patrick McCaw,TOR,36,26,10,24.8,4.6,33.2,17.5,1.5,2.79,1.94,0.140,0.2,0.0,0.7,0.875,0.000,0.538
411,Patrick Patterson,LAC,59,39,20,13.2,4.9,15.9,9.1,0.4,1.36,0.43,0.312,0.4,0.4,0.8,0.435,0.636,0.816
412,Patty Mills,SAS,65,27,38,22.4,11.4,28.7,17.6,1.5,3.23,2.99,0.397,0.3,0.0,0.4,0.381,0.000,0.667
413,Paul George,LAC,48,34,14,29.6,21.5,52.3,28.8,3.2,3.61,2.95,0.411,0.9,1.4,0.6,0.523,0.338,0.677
414,Paul Millsap,DEN,51,30,21,24.3,11.6,33.2,21.4,1.2,2.24,1.17,0.349,0.8,2.2,4.2,0.651,0.691,0.776
415,Paul Watson,TOR,10,7,3,8.7,3.1,11.4,8.1,0.4,2.26,1.61,0.272,0.2,0.0,0.2,1.000,0.000,2.000
416,Quinn Cook,LAL,44,31,13,11.5,5.1,18.9,8.9,1.3,4.26,4.40,0.269,0.0,0.0,0.2,2.000,0.000,1.000
417,Quinndary Weatherspoon,SAS,11,5,6,7.1,1.1,10.9,5.2,0.7,3.61,2.86,0.100,0.2,0.0,0.1,1.000,0.000,0.000
418,RJ Barrett,NYK,56,17,39,30.4,14.3,44.2,30.6,2.5,3.39,2.74,0.324,0.7,0.8,1.7,0.872,0.844,0.915
419,Rajon Rondo,LAL,48,37,11,20.5,7.1,50.4,19.4,4.1,4.82,4.25,0.141,0.3,0.1,0.7,0.143,0.000,0.265
420,Raul Neto,PHI,54,29,25,12.4,5.1,28.7,10.7,2.4,5.11,5.13,0.177,0.1,0.0,0.2,0.667,0.000,0.400
421,Rayjon Tucker,UTA,20,12,8,8.1,3.1,10.1,5.8,0.5,2.73,1.62,0.308,0.0,0.1,0.2,0.000,0.000,0.500
422,Reggie Bullock,NYK,29,9,20,23.6,8.1,33.0,24.3,1.0,1.86,0.80,0.244,0.5,0.0,1.0,0.857,2.000,0.893
423,Reggie Jackson,LAC,31,16,15,24.0,11.9,53.0,19.1,4.4,4.96,4.47,0.225,0.4,0.1,0.6,0.000,0.000,0.667
424,Richaun Holmes,SAC,43,16,27,28.4,12.4,35.6,20.6,0.8,1.42,0.33,0.348,4.3,1.0,8.2,0.770,0.511,1.076
425,Ricky Rubio,PHX,64,32,32,30.9,12.8,77.5,24.2,6.8,5.26,4.83,0.166,0.4,0.1,0.5,0.429,0.667,0.258
426,Robert Covington,HOU,70,27,43,30.5,12.4,51.0,23.4,1.3,1.57,0.51,0.243,0.7,0.0,1.7,0.720,0.000,0.958
427,Robert Williams III,BOS,29,19,10,13.4,5.2,17.5,12.0,0.4,1.24,0.31,0.295,1.2,0.1,3.9,0.500,0.500,1.062
428,Robin Lopez,MIL,66,51,15,14.5,5.4,15.6,11.1,0.4,1.68,0.57,0.346,1.3,1.6,2.2,0.616,0.689,0.814
429,Rodions Kurucs,BKN,47,18,29,14.5,4.6,20.9,11.1,0.6,1.68,0.82,0.219,0.3,0.1,1.1,0.375,0.000,0.889
430,Rodney Hood,POR,21,8,13,29.5,11.0,34.3,20.3,1.6,2.73,1.73,0.319,0.1,1.1,0.7,0.000,0.792,0.714
431,Rodney McGruder,LAC,56,38,18,15.6,3.3,14.7,8.0,0.5,2.05,1.36,0.228,0.3,0.0,0.8,0.429,0.000,0.600
432,Romeo Langford,BOS,32,22,10,11.6,2.5,9.7,6.4,0.4,2.27,1.40,0.256,0.2,0.1,0.6,0.000,0.000,0.737
433,Rondae Hollis-Jefferson,TOR,59,42,17,18.9,7.1,34.4,17.2,1.2,2.09,1.17,0.206,1.7,1.8,4.6,0.580,0.377,0.681
434,Royce O'Neale,UTA,71,44,27,28.9,6.3,47.3,25.8,1.3,1.62,0.78,0.134,0.4,0.0,0.6,0.759,0.000,0.524
435,Rudy Gay,SAS,66,29,37,21.7,10.8,37.6,19.2,1.5,2.42,1.32,0.289,0.7,1.6,1.3,0.551,0.472,0.977
436,Rudy Gobert,UTA,68,42,26,34.3,15.1,61.0,33.1,1.5,1.48,0.36,0.247,4.6,0.7,10.9,0.597,0.479,1.032
437,Rui Hachimura,WAS,48,15,33,30.1,13.5,49.8,28.0,1.8,2.12,1.19,0.272,2.1,1.8,4.4,0.600,0.357,0.876
438,Russell Westbrook,HOU,57,36,21,36.0,27.2,76.8,31.5,5.8,4.49,4.25,0.355,0.8,1.1,2.2,0.558,0.433,0.645
439,Ryan Anderson,HOU,2,1,1,7.0,2.5,5.0,1.5,0.1,1.58,0.00,0.500,0.0,0.0,0.0,0.000,0.000,0.000
440,Ryan Arcidiacono,CHI,58,21,37,16.0,4.5,25.0,13.9,1.3,3.01,2.59,0.180,0.2,0.0,0.6,1.000,0.000,0.781
441,Ryan Broekhoff,PHI,16,9,7,11.2,4.4,14.9,8.1,0.3,1.40,0.49,0.298,0.2,0.0,0.4,0.000,0.000,0.000
442,Sekou Doumbouya,DET,38,10,28,19.8,6.4,26.9,14.2,0.9,1.91,0.85,0.238,0.8,0.3,1.5,0.828,1.091,0.947
443,Semi Ojeleye,BOS,69,46,23,14.6,3.4,18.6,7.4,0.5,1.61,0.58,0.184,0.3,0.1,0.7,0.391,0.000,0.620
444,Serge Ibaka,TOR,54,39,15,26.8,15.4,45.0,28.7,1.1,1.50,0.37,0.342,4.4,1.6,6.2,0.626,0.640,0.893
445,Seth Curry,DAL,62,36,26,24.3,12.0,31.4,21.9,1.7,3.16,2.50,0.381,0.3,0.0,0.3,0.824,0.000,0.938
446,Shabazz Napier,WAS,56,16,40,24.0,10.3,58.4,23.1,4.3,4.46,3.99,0.177,0.3,0.0,0.7,0.438,0.500,0.561
447,Shai Gilgeous-Alexander,OKC,70,43,27,34.7,19.0,60.0,30.9,4.0,4.02,3.65,0.317,0.5,0.0,0.8,0.794,1.000,0.815
448,Shake Milton,PHI,40,23,17,20.1,9.4,36.5,16.2,2.8,4.54,4.08,0.258,0.2,0.0,0.6,0.571,0.000,0.800
449,Shamorie Ponds,TOR,4,4,0,2.6,2.3,6.0,2.5,0.6,5.70,4.92,0.375,0.0,0.0,0.3,0.000,0.000,0.000
450,Shaquille Harrison,CHI,43,14,29,11.3,4.9,18.2,10.4,0.9,2.89,2.14,0.267,0.4,0.0,0.7,0.889,2.000,1.000
451,Sindarius Thornwell,NOP,2,0,2,17.7,8.0,31.0,22.0,1.2,2.25,1.46,0.258,0.0,0.0,0.5,0.000,0.000,0.000
452,Skal Labissiere,ATL,33,14,19,17.2,5.8,22.4,13.5,0.6,1.63,0.37,0.257,2.2,0.9,4.2,0.554,0.200,0.755
453,Solomon Hill,MIA,59,29,30,18.4,5.5,27.9,16.5,0.9,1.83,0.90,0.196,0.5,0.3,0.6,0.400,0.111,0.595
454,Spencer Dinwiddie,BKN,64,30,34,31.2,20.6,70.8,23.2,6.8,5.75,5.15,0.291,0.4,0.2,0.6,0.704,0.364,0.694
455,Stanley Johnson,TOR,25,19,6,6.0,2.4,12.0,4.8,0.8,3.82,2.89,0.199,0.1,0.1,0.3,0.000,0.500,0.571
456,Stanton Kidd,UTA,4,3,1,3.8,0.0,4.5,2.5,0.1,1.18,0.61,0.000,0.0,0.0,0.0,0.000,0.000,0.000
457,Stephen Curry,GSW,5,1,4,27.9,20.8,75.8,32.2,4.5,3.55,3.19,0.274,1.4,0.0,1.8,0.857,0.000,0.667
458,Sterling Brown,MIL,52,39,13,14.7,5.1,22.0,10.9,1.1,2.98,2.31,0.233,0.3,0.1,0.8,0.357,0.000,0.769
459,Steven Adams,OKC,63,40,23,26.7,10.9,54.7,28.7,1.7,1.82,0.41,0.199,5.7,3.9,10.3,0.465,0.567,0.723
460,Svi Mykhailiuk,DET,55,17,38,22.8,9.2,29.5,21.5,1.2,2.45,1.53,0.311,0.2,0.0,0.3,0.727,0.000,0.737
461,T.J. McConnell,IND,71,44,27,18.7,6.5,45.7,13.0,4.1,5.34,5.33,0.143,0.5,0.1,0.6,0.462,0.000,0.348
462,T.J. Warren,IND,67,42,25,32.9,19.8,43.8,32.6,1.8,2.48,1.49,0.451,1.2,0.6,2.5,0.937,0.537,1.271
463,TJ Leaf,IND,28,16,12,7.9,3.0,12.2,5.9,0.3,1.59,0.57,0.246,0.5,0.4,1.4,0.400,0.818,0.789
464,Tacko Fall,BOS,7,5,2,4.6,3.3,6.0,3.6,0.2,2.05,0.69,0.548,0.3,1.3,2.0,0.000,0.556,1.357
465,Taj Gibson,NYK,62,21,41,16.5,6.1,26.7,15.1,0.7,1.51,0.56,0.229,2.2,0.9,3.9,0.511,0.782,0.959
466,Talen Horton-Tucker,LAL,6,2,4,13.5,5.7,25.0,14.3,1.2,2.78,1.89,0.227,0.3,0.0,0.3,1.000,0.000,1.000
467,Tariq Owens,PHX,3,0,3,5.1,1.3,7.0,4.0,0.2,1.33,0.43,0.190,0.0,0.0,0.7,0.000,0.000,1.000
468,Taurean Prince,BKN,64,30,34,29.0,12.1,44.9,23.3,1.6,2.14,1.11,0.269,0.4,0.1,0.9,0.889,0.000,0.655
469,Terance Mann,LAC,41,27,14,8.8,2.4,17.5,6.8,1.3,4.56,4.04,0.138,0.2,0.0,0.6,0.500,0.000,0.542
470,Terence Davis,TOR,71,52,19,16.9,7.6,27.4,14.2,1.5,3.22,2.79,0.280,0.5,0.0,1.1,0.406,2.000,1.038
471,Terrance Ferguson,OKC,56,33,23,22.5,3.9,14.4,12.3,0.3,1.29,0.53,0.274,0.2,0.0,0.7,0.556,0.000,0.541
472,Terrence Ross,ORL,69,31,38,27.4,14.7,29.3,22.3,1.1,2.27,1.26,0.502,0.8,0.0,0.4,0.828,0.000,0.900
473,Terry Rozier,CHA,62,21,41,34.3,18.1,69.9,37.0,4.9,4.21,3.64,0.259,0.4,0.0,0.8,0.444,0.000,0.820
474,Thabo Sefolosha,HOU,41,27,14,10.6,2.2,12.8,5.7,0.3,1.64,0.67,0.176,0.3,0.0,0.7,0.455,0.000,0.700
475,Thaddeus Young,CHI,64,22,42,24.9,10.3,44.2,23.9,1.4,1.88,0.97,0.233,1.5,1.5,2.5,0.495,0.532,0.822
476,Thanasis Antetokounmpo,MIL,19,15,4,6.7,2.9,10.3,6.0,0.4,2.57,2.01,0.282,0.1,0.1,1.0,2.500,0.000,1.105
477,Theo Pinson,NYK,33,15,18,11.1,3.6,24.4,8.5,1.9,4.67,4.00,0.149,0.1,0.0,0.3,0.000,0.000,0.700
478,Thomas Bryant,WAS,46,15,31,24.9,13.2,48.6,28.7,1.3,1.59,0.48,0.273,3.5,1.0,5.8,0.728,0.522,1.089
479,Thon Maker,DET,59,20,39,13.1,4.7,21.2,11.3,0.6,1.63,0.43,0.224,1.3,0.3,2.5,0.419,0.500,0.780
480,Tim Frazier,DET,26,9,17,13.6,3.7,34.9,10.8,3.3,5.62,5.17,0.105,0.3,0.0,0.6,0.222,0.000,0.625
481,Tim Hardaway Jr.,DAL,69,39,30,29.4,16.0,40.3,27.1,1.8,2.68,1.80,0.395,0.3,0.2,0.8,0.333,0.727,0.907
482,Timothe Luwawu-Cabarrot,BKN,47,20,27,18.1,7.8,23.2,13.4,0.8,2.06,1.27,0.335,0.3,0.0,0.7,0.769,0.000,0.824
483,Tobias Harris,PHI,72,43,29,34.3,19.6,60.7,37.2,3.1,3.04,2.05,0.323,1.7,2.5,2.5,0.678,0.730,1.027
484,Tomas Satoransky,CHI,65,22,43,28.9,9.9,63.6,27.1,4.4,4.15,3.91,0.156,0.8,0.3,1.6,0.491,0.235,0.577
485,Tony Bradley,UTA,58,36,22,11.4,4.9,16.8,9.3,0.4,1.27,0.35,0.292,1.3,0.2,3.9,0.784,1.111,0.917
486,Tony Snell,DET,58,18,40,27.8,8.0,35.4,23.3,1.2,2.01,0.91,0.225,0.3,0.0,0.2,0.471,0.000,0.615
487,Torrey Craig,DEN,58,38,20,18.5,5.4,18.7,12.4,0.6,1.86,0.81,0.291,0.5,0.1,1.8,0.433,0.000,0.971
488,Trae Young,ATL,60,18,42,35.3,29.6,87.0,23.3,9.1,6.27,6.03,0.341,0.3,0.0,0.6,0.667,0.000,0.618
489,Tremont Waters,BOS,11,8,3,10.8,3.6,21.9,7.3,1.9,5.20,5.23,0.166,0.0,0.0,0.2,0.000,0.000,1.000
490,Treveon Graham,ATL,55,21,34,16.9,4.4,21.9,12.3,0.7,1.83,0.87,0.202,0.2,0.1,1.3,0.667,0.500,0.667
491,Trevor Ariza,POR,52,21,31,27.9,7.7,32.0,20.9,1.1,2.07,1.04,0.242,0.5,0.3,1.0,0.500,0.133,0.925
492,Trey Burke,DAL,33,16,17,15.8,7.4,31.1,14.6,2.3,4.51,4.08,0.237,0.4,0.0,0.3,0.667,0.000,0.444
493,Trey Lyles,SAS,62,26,36,20.2,6.5,37.4,16.6,1.0,1.58,0.54,0.173,0.6,0.1,1.4,0.421,0.800,0.682
494,Tristan Thompson,CLE,57,19,38,30.2,12.0,53.5,32.8,1.8,2.04,0.77,0.224,3.9,2.5,10.5,0.379,0.444,0.753
495,Troy Brown Jr.,WAS,69,24,45,25.8,10.4,39.5,25.1,1.9,2.87,2.31,0.263,0.6,0.1,1.7,0.909,0.222,0.708
496,Troy Daniels,DEN,47,34,13,11.3,4.3,9.9,7.1,0.3,1.81,1.02,0.431,0.2,0.0,0.4,1.000,0.000,0.611
497,Ty Jerome,PHX,31,16,15,10.6,3.3,21.2,9.4,1.6,4.41,4.20,0.155,0.2,0.0,0.4,0.857,0.000,0.583
498,Tyler Cook,DEN,13,3,10,4.2,1.8,5.2,2.6,0.1,1.74,0.69,0.343,0.2,0.3,0.6,0.000,1.000,1.000
499,Tyler Herro,MIA,55,34,21,27.4,13.5,44.5,25.0,2.4,3.25,2.70,0.303,0.5,0.1,0.6,0.560,0.000,0.875
500,Tyler Johnson,BKN,38,16,22,18.3,7.2,32.4,16.1,1.9,3.42,3.04,0.221,0.4,0.2,0.7,0.429,0.333,0.615
501,Tyler Zeller,SAS,2,1,1,1.9,1.0,3.0,2.5,0.0,0.65,0.17,0.333,0.0,0.0,2.5,0.000,0.000,0.400
502,Tyrone Wallace,ATL,14,3,11,11.5,2.9,16.6,7.1,1.0,3.55,3.22,0.172,0.1,0.1,0.3,1.000,0.000,1.500
503,Tyson Chandler,HOU,26,15,11,8.4,1.3,9.7,3.9,0.2,1.41,0.19,0.134,0.6,0.1,1.7,0.400,0.500,0.698
504,Tyus Jones,MEM,65,32,33,19.0,7.4,43.7,16.4,3.2,4.45,3.96,0.170,0.2,0.0,0.2,0.857,0.000,0.857
505,Udonis Haslem,MIA,4,3,1,11.0,3.0,20.0,11.8,0.5,1.47,0.24,0.150,1.0,0.3,1.8,0.500,0.000,0.286
506,Vic Law,ORL,8,2,6,7.7,1.9,12.6,4.5,0.4,1.75,0.72,0.149,0.3,0.0,0.5,0.000,0.000,0.000
507,Victor Oladipo,IND,19,11,8,27.8,14.5,45.8,26.5,2.9,3.81,3.24,0.316,0.3,0.0,0.6,0.667,0.000,0.500
508,Vince Carter,ATL,60,19,41,14.6,5.0,21.4,12.4,0.7,1.82,0.79,0.232,0.4,0.5,0.4,0.524,0.645,0.591
509,Vincent Poirier,BOS,22,18,4,5.9,1.9,8.3,5.4,0.2,1.61,0.45,0.224,0.6,0.2,1.2,0.286,0.400,0.923
510,Vlatko Cancar,DEN,14,7,7,3.2,1.2,4.2,2.9,0.1,1.58,0.58,0.288,0.2,0.0,0.6,0.667,0.000,1.000
511,Wayne Ellington,NYK,36,9,27,15.5,5.1,18.1,14.6,0.5,1.78,1.00,0.282,0.3,0.0,0.4,0.000,0.000,0.462
512,Wendell Carter Jr.,CHI,43,15,28,29.2,11.3,40.5,25.2,1.1,1.57,0.45,0.278,4.4,1.8,9.0,0.379,0.551,0.759
513,Wenyen Gabriel,POR,29,9,20,7.8,2.2,9.6,4.6,0.2,1.54,0.55,0.226,0.6,0.1,1.2,0.000,0.750,0.800
514,Wes Iwundu,ORL,52,23,29,18.3,5.8,19.0,11.6,0.9,2.82,1.93,0.304,0.3,0.0,1.0,1.000,0.000,0.750
515,Wesley Matthews,MIL,66,51,15,24.5,7.5,22.7,14.8,0.7,1.95,1.17,0.328,0.4,0.1,0.8,0.750,0.667,0.836
516,Will Barton,DEN,58,38,20,33.0,15.1,55.8,32.3,3.3,3.56,2.79,0.270,1.3,0.1,1.9,0.605,0.286,0.841
517,William Howard,HOU,2,1,1,6.6,0.0,9.5,3.0,0.2,1.53,0.58,0.000,0.0,0.0,0.0,0.000,0.000,0.000
518,Willie Cauley-Stein,DAL,53,15,38,20.4,7.3,32.1,18.9,0.9,1.68,0.62,0.228,3.8,1.9,5.6,0.330,0.284,0.860
519,Willy Hernangomez,CHA,30,7,23,12.2,6.2,26.8,16.5,0.7,1.58,0.49,0.233,2.2,2.6,3.7,0.415,0.304,0.928
520,Wilson Chandler,BKN,35,16,19,21.0,5.9,32.4,15.6,1.0,1.86,0.88,0.181,0.5,0.1,0.7,0.500,0.000,0.240
521,Yogi Ferrell,SAC,50,20,30,10.6,4.4,19.2,6.4,1.7,5.33,5.02,0.227,0.1,0.0,0.2,0.400,2.000,0.000
522,Yuta Watanabe,MEM,18,9,9,5.8,2.0,7.8,5.2,0.3,2.31,1.58,0.257,0.4,0.0,0.5,0.429,0.000,0.222
523,Zach Collins,POR,11,8,3,26.4,7.0,31.4,18.5,0.8,1.52,0.38,0.223,2.2,1.5,4.9,0.000,0.706,0.741
524,Zach LaVine,CHI,60,20,40,34.8,25.5,67.5,37.3,4.5,4.03,3.31,0.378,0.7,0.3,1.4,1.070,0.450,1.153
525,Zach Norvell Jr.,GSW,5,2,3,8.2,2.0,10.4,6.4,0.3,1.98,1.37,0.192,0.0,0.2,0.4,0.000,0.000,0.000
526,Zhaire Smith,PHI,7,3,4,4.6,1.1,3.6,2.9,0.1,1.66,0.76,0.320,0.0,0.0,0.3,0.000,0.000,1.000
527,Zion Williamson,NOP,23,11,12,27.5,22.6,45.2,31.4,1.4,1.86,1.12,0.499,3.6,6.9,8.9,0.829,0.503,1.078
528,Zylan Cheatham,NOP,4,2,2,12.8,3.0,17.0,8.3,0.4,1.39,0.56,0.176,1.8,0.0,1.3,0.000,0.000,1.200
